nombre,departamento,localidad
4 Vientos - Complejo Habitacional (proyectado),Santa Lucía,Ciudad de Santa Lucía
Aimará - Barrio Privado,Santa Lucía,La Legua
Aires de Albardón I - Barrio Privado,Albardón,Villa General San Martín
Aires de Albardón II - Barrio Privado,Albardón,Villa General San Martín
Aires de Campo - Complejo Privado,Santa Lucía,La Legua
Álamos del Este - Complejo Privado (proyectado),Santa Lucía,Ciudad de Santa Lucía
Allegro Art Suites,Capital,San Juan
Altitud - Complejo Habitacional,Capital,Desamparados
Altos del Este - Complejo Habitacional,Rawson,
Ancalia Barrio Privado (proyectado),Rawson,
Asentamiento Alfonso XIII (Villa Centenario),Pocito,
Asentamiento Belgrano,Caucete,Ciudad de Caucete
Asentamiento Calle Caseros,Caucete,
Asentamiento Calle Corrientes,Caucete,Ciudad de Caucete
Asentamiento Costa Canal,Caucete,Los Médanos
Asentamiento Difunta Correa,Santa Lucía,Alto de Sierra
Asentamiento El Chilote,Ullum,El Chilote
Asentamiento Estación Pedro Echagüe,Santa Lucía,Colonia Gutiérrez
Asentamiento Fe y Esperanza,Chimbas,
Asentamiento General Mosconi,Pocito,
Asentamiento José Ignacio Díaz,Chimbas,Ciudad de Chimbas
Asentamiento Los Médanos,Caucete,Los Médanos
Asentamiento Loteo 13 de Mayo,Chimbas,
Asentamiento Loteo Ferrocarril,Caucete,Pie de Palo
Asentamiento Malvinas 2,Chimbas,
Asentamiento Pozo Los Algarrobos,Caucete,Pozo de Los Algarrobos
Asentamiento RIM 22,Rivadavia,Marquesado
Asentamiento Río San Juan,Santa Lucía,
Asentamiento San Expedito,Rivadavia,Marquesado
Asentamiento San Judas Tadeo,Santa Lucía,
Asentamiento Villa del Lago,Ullum,
Asentamiento Villa Industrial,Caucete,Ciudad de Caucete
Asentamiento Villa La Esperanza,Rawson,El Medanito
Asentamiento Villa Molina,Rivadavia,Ciudad de Rivadavia
Asentamiento Villa Veintiseis de Febrero,Santa Lucía,Ciudad de Santa Lucía
AVA - Barrio de Vida,Albardón,Villa General San Martín
Ayres Village - Barrio Privado,Rivadavia,Ciudad de Rivadavia
Barrio 11 de Noviembre (Villa 11 de Noviembre),Rawson,Villa Krause (Ciudad de Rawson)
Barrio 12 de Diciembre,Rawson,Villa Krause (Ciudad de Rawson)
Barrio 12 de Octubre,Capital,Trinidad
Barrio 12 de Octubre,Caucete,Los Médanos
Barrio 14 de Mayo,Angaco,
Barrio 15 de Diciembre,Capital,Trinidad
Barrio 15 de Mayo (Natania),Capital,Trinidad
Barrio 17 de Octubre,Chimbas,
Barrio 17 de Octubre,Jáchal,San José de Jáchal
Barrio 19 de Abril,Chimbas,
Barrio 1° de Noviembre (Barrio Primero de Noviembre - Sindicato de Panaderos),Chimbas,Ciudad de Chimbas
Barrio 1º de Febrero,Rivadavia,Ciudad de Rivadavia
Barrio 2 de Abril,Chimbas,
Barrio 2 de Abril (ex Lote Hogar Nº 2),Rawson,Villa Krause (Ciudad de Rawson)
Barrio 20 de Junio,25 de Mayo,Tupelí
Barrio 20 de Junio (Barrio AMPE 20 de Junio - Asociación Mutual del Personal del Estado),Chimbas,Ciudad de Chimbas
Barrio 20 de Noviembre (UTA),Rivadavia,Ciudad de Rivadavia
Barrio 22 de Abril,Rivadavia,Marquesado
Barrio 22 de Junio (Barrio Orlando Marino),Rivadavia,Ciudad de Rivadavia
Barrio 23 de Mayo (UDAP),Rawson,Villa Krause (Ciudad de Rawson)
Barrio 23 de Octubre,Rivadavia,Ciudad de Rivadavia
Barrio 24 de Noviembre (ex de los Plásticos) (necesita confirmación),Rawson,Villa Krause (Ciudad de Rawson)
Barrio 25 de Diciembre (ex Lote Hogar Nº 7),Chimbas,Ciudad de Chimbas
Barrio 25 de Mayo,Capital,Desamparados
Barrio 25 de Mayo,Ullum,
Barrio 25 de Mayo Conjunto 5,25 de Mayo,Divisoria
Barrio 25 de Mayo Conjunto I (Conjunto 1 - Barrio La Chimbera Oeste),25 de Mayo,La Chimbera
Barrio 25 de Mayo Conjunto II (Barrio Santa Rosa 2),25 de Mayo,Villa Santa Rosa
Barrio 25 de Mayo Conjunto III (Conjunto 3) - Sector Norte,25 de Mayo,Villa Borjas (Las Casuarinas)
Barrio 25 de Mayo Conjunto III (Conjunto 3) - Sector Sur,25 de Mayo,Villa Borjas (Las Casuarinas)
Barrio 25 de Mayo Conjunto IV (25 de Mayo Conjunto 4),25 de Mayo,La Chimbera
Barrio 27 de Diciembre,25 de Mayo,Villa Santa Rosa
Barrio 27 de Septiembre (Loteo El Bosque),Pocito,
Barrio 5 de Diciembre,Capital,Desamparados
Barrio 5 de Octubre,Chimbas,Ciudad de Chimbas
Barrio 7 de Septiembre,Chimbas,
Barrio 7 de Septiembre,Capital,San Juan
Barrio 7 de Septiembre - Lorenzo Miguel (Unión Obrera Metalúrgica - UOM),Rawson,Villa Krause (Ciudad de Rawson)
Barrio 9 de Julio,Caucete,El Rincón
Barrio 9 de Septiembre (ex Lote Hogar Nº 29),Pocito,Villa Aberastain (Ciudad de Pocito)
Barrio a denominar (Calingasta Conjunto 4),Calingasta,La Isla
Barrio a denominar (Caucete Conjunto 7),Caucete,Pie de Palo
Barrio a denominar (San Martín Conjunto 2),San Martín,Villa Dominguito
Barrio a denominar (Sarmiento Conjunto 2),Sarmiento,Villa Media Agua
Barrio a denominar (Sarmiento Conjunto 3),Sarmiento,Villa Media Agua
Barrio a denominar (Valle Fértil Conjunto 1),Valle Fértil,Astica
Barrio A.R.A. San Juan (ARA San Juan - ex Santa Lucía Conjunto 1),Santa Lucía,Ciudad de Santa Lucía
Barrio Aberastain I (Villa Aberastain I),Pocito,Villa Aberastain
Barrio Aberastain II (Villa Aberastain II),Pocito,
Barrio Aberastain III (Villa Aberastain III),Pocito,Villa Aberastain (Ciudad de Pocito)
Barrio Agapito Floro Gil (Ullum Conjunto 1),Ullum,
Barrio Agros,Capital,Desamparados
Barrio Agua y Energía,Ullum,
Barrio Agua y Energía (Luz y Fuerza I),Chimbas,Ciudad de Chimbas
Barrio Agustín Gómez,Pocito,
Barrio Aires del Oeste (en construcción),Jáchal,San José de Jáchal
Barrio Alameda,Rawson,Villa Krause (Ciudad de Rawson)
Barrio Alameda II,Rawson,Villa Krause (Ciudad de Rawson)
Barrio Alberdi,Pocito,Villa Aberastain (Ciudad de Pocito)
Barrio Alem,Caucete,Ciudad de Caucete
Barrio Algarrobo Verde,25 de Mayo,Villa Santa Rosa
Barrio Alto de Sierra - Gendarme Argentino,Santa Lucía,
Barrio Alto Valle (necesita confirmación),Zonda,Villa Basilio Nievas
Barrio Medalla Milagrosa,Rawson,Villa Krause (Ciudad de Rawson)
Barrio Medalla Milagrosa,Pocito,Villa Aberastain (Ciudad de Pocito)
Barrio Medalla Milagrosa (ex Lote Hogar Nº 36),Santa Lucía,Ciudad de Santa Lucía
Barrio Médano de Oro,Rawson,Médano de Oro (Villa Bolaños)
Barrio MEDEPYM,Rawson,
Barrio MEDEPYM Ampliación (en construcción),Rawson,
Barrio Medina Suárez,Pocito,Villa Aberastain (Ciudad de Pocito)
Barrio Meglioli,Rivadavia,Ciudad de Rivadavia
Barrio Mendoza,Rawson,Villa Krause (Ciudad de Rawson)
Barrio Mercedario,Chimbas,Ciudad de Chimbas
Barrio Mercedario,Rawson,Villa Krause (Ciudad de Rawson)
Barrio Milagros (Barrio El Milagro) (necesita confirmación),Albardón,Las Lomitas
Barrio Misiones,Capital,Concepción
Barrio Mitre,Capital,San Juan
Barrio Monseñor Orzali,Rawson,Villa Krause (Ciudad de Rawson)
Barrio Moreno,Sarmiento,Villa Media Agua
Barrio Municipal,Pocito,Campo de Batalla
Barrio Municipal Santa Lucía,Santa Lucía,Ciudad de Santa Lucía
Barrio Municipal Sur - Sector 1,Sarmiento,Villa Media Agua
Barrio Mutual Banco San Juan,Capital,Desamparados
Barrio N. Porres,Capital,
Barrio Natania 65 (en construcción),Rivadavia,
Barrio Natania 74 (proyectado),Santa Lucía,Ciudad de Santa Lucía
Barrio Natania III,Capital,Trinidad
Barrio Natania IV,Rivadavia,Ciudad de Rivadavia
Barrio Natania Residencial (Natania XIV),Capital,Desamparados
Barrio Natania Residencial II (Natania XXIX),Rivadavia,Ciudad de Rivadavia
Barrio Natania VI (Natania 6 - Hipólito Yrigoyen),Rivadavia,Ciudad de Rivadavia
Barrio Natania VII,Rawson,Villa Krause (Ciudad de Rawson)
Barrio Natania VIII (Natania 8 - Chimbas),Chimbas,
Barrio Natania XV (Natania 15 - Rivadavia),Rivadavia,Ciudad de Rivadavia
Barrio Natania XVI (Natania 16 - Cabañas Residencial),Rivadavia,Ciudad de Rivadavia
Barrio Natania XVII (Natania 17 - Rivadavia II),Rivadavia,Ciudad de Rivadavia
Barrio Natania XVIII (Natania 18 - Comandante Cabot),Rivadavia,Ciudad de Rivadavia
Barrio Natania XX (Natania 20 - Rivadavia III),Rivadavia,Ciudad de Rivadavia
Barrio Natania XXIV (Natania 24 - Santa Lucía),Santa Lucía,Ciudad de Santa Lucía
Barrio Necochea,Capital,Concepción
Barrio Necochea,Chimbas,
Barrio Neuquén,Rawson,Villa Krause (Ciudad de Rawson)
Barrio Nicolás Avellaneda,Santa Lucía,Ciudad de Santa Lucía
Barrio Niquizanga,Caucete,Ciudad de Caucete
Barrio Noreste III,Santa Lucía,Ciudad de Santa Lucía
Barrio Norte,Capital,Concepción
Barrio Nuestra Señora de Fátima (Virgen de Fátima),Jáchal,San José de Jáchal
Barrio Nuestra Señora de la Merced,Calingasta,Tamberías
Barrio Nuestra Señora del Rosario,9 de Julio,Villa 9 de Julio
Barrio Nueva Argentina,Chimbas,
Barrio Nueva Gruta I,Rawson,
Barrio Nueva Gruta II,Rawson,
Barrio Nueva Gruta III,Rawson,
Barrio Nuevo Cuyo - Sector I,Rivadavia,La Bebida
Barrio Nuevo Cuyo - Sector II,Rivadavia,La Bebida
Barrio Nuevo del Bono,Capital,Desamparados
Barrio Oasis (Barrio Oasis Cordillerano),Iglesia,Villa Iglesia
Barrio Obrero Municipal,Zonda,Zonda Arriba
Barrio Obrero Rawson,Rawson,Villa Krause (Ciudad de Rawson)
Barrio Oficiales de Gendarmería,Calingasta,Barreal
Barrio Olivares de Natania,Rivadavia,Ciudad de Rivadavia
Barrio Olivares del Sur,Pocito,
Barrio Orion I (Orión 1),Jáchal,San José de Jáchal
Barrio Orion II (Orión Cooperativa de Crédito y Vivienda Ltda.),Jáchal,El Rincón
Barrio Oscar Raúl Gómez (ex Lote Hogar Nº 37),Caucete,
Barrio Pablo Marcó,Pocito,Villa Aberastain (Ciudad de Pocito)
Barrio Pablo Rojas (Barrio SOEVA 1 - SOEVA I),Rawson,Villa Krause (Ciudad de Rawson)
Barrio Padre Carlos Barbero,San Martín,La Puntilla
Barrio Padre Federico Maggio,25 de Mayo,Villa Santa Rosa
Barrio Padre Juan Luis Fanzolato,Rawson,
Barrio Palmares del Cerro,Rawson,Villa Krause (Ciudad de Rawson)
Barrio Palmera,Santa Lucía,Ciudad de Santa Lucía
Barrio Pampa Vieja,Jáchal,Pampa Vieja
Barrio Pampa Vieja I (Barrio Pampa Vieja 1),Jáchal,Pampa Vieja
Barrio Papa Francisco,Caucete,La Puntilla
Barrio Papa Francisco,9 de Julio,Las Chacritas
Barrio Parque Aconcagua,Santa Lucía,
Barrio Parque de Mayo,Capital,Desamparados
Barrio Parque Independencia (FAECAPP),Chimbas,Ciudad de Chimbas
Barrio Parque Industrial,Chimbas,
Barrio Parque Meglioli (proyectado),Rawson,Villa Krause (Ciudad de Rawson)
Barrio Parque Residencial,Rawson,Los Corredores
Barrio Parque Rivadavia Norte,Rivadavia,Ciudad de Rivadavia
Barrio Parque Sur,Rawson,Villa Krause (Ciudad de Rawson)
Barrio Parque Universitario,Capital,Desamparados
Barrio Pateta,Chimbas,Ciudad de Chimbas
Barrio Patiño,Sarmiento,Villa Media Agua
Barrio Patricias Sanjuaninas,Capital,Desamparados
Barrio Patricias Sanjuaninas,Santa Lucía,Ciudad de Santa Lucía
Barrio Pedregal Sectores 1-2-3,Chimbas,
Barrio Pellegrini,Calingasta,Barreal
Barrio Peniel - Primera Etapa,25 de Mayo,Villa Santa Rosa
Barrio Peniel - Segunda Etapa,25 de Mayo,Villa Santa Rosa
Barrio Pie de Palo,San Martín,Villa San Martín
Barrio Pie de Palo,Caucete,Ciudad de Caucete
Barrio Pituil (Calingasta Conjunto 1),Calingasta,Barreal
Barrio Piuquén (Los Piuquenes),Rivadavia,
Barrio Pocito Conjunto 4 (necesita confirmación),Pocito,
Barrio Pocito Conjunto VI (Conjunto 6),Pocito,
Barrio Pocito Norte,Pocito,
Barrio Ponce,Capital,Desamparados
Barrio Portal de Cuyo (Ex Rural I),Santa Lucía,
Barrio Portal de la Montaña,Zonda,
Barrio Santo Tomás,Santa Lucía,Ciudad de Santa Lucía
Barrio Sargento Cabral,Rivadavia,Ciudad de Rivadavia
Barrio Sarmiento,Chimbas,Ciudad de Chimbas
Barrio Sarmiento Conjunto 1 (Barrio Sarmiento I - Barrio Cochagual Norte),Sarmiento,Cochagual
Barrio Sarmiento Conjunto VI,Sarmiento,Colonia Fiscal
Barrio Saturnino Sarassa,Capital,Trinidad
Barrio Semiprivado El Paso,Santa Lucía,
Barrio Semiprivado Portalba IV,Santa Lucía,Ciudad de Santa Lucía
Barrio Senda,Rawson,
Barrio Senderos del Oeste,9 de Julio,Villa 9 de Julio
Barrio Señora del Rosario de San Nicolás,Rawson,Villa Krause (Ciudad de Rawson)
Barrio SEP4 - Los Nogales 7 (Loteo Abierto - Sindicato de Empleados Públicos San Juan),Pocito,
Barrio Serranías,Zonda,Villa Basilio Nievas
Barrio Serranías del Sur (Conjunto 10),Rawson,Villa Krause (Ciudad de Rawson)
Barrio Sierra Morada,Rawson,
Barrio Sierras Azules I,Zonda,
Barrio Sierras Azules II,Zonda,
Barrio Sierras de la Invernada (Barrio Sierras de las Invernadas) (en construcción),Ullum,Villa Ibáñez
Barrio Sierras de Marquesado - Sector Este,Rivadavia,La Bebida
Barrio Sierras de Marquesado - Sector Oeste,Rivadavia,La Bebida
Barrio Siete Colores I (Siete Colores - Sector 1),Rawson,
Barrio Siete Colores II (Siete Colores 2),Rawson,
Barrio Siete Conjuntos II,Chimbas,
Barrio Sindicato Químicos,Rivadavia,La Bebida
Barrio SITRAVIAP,Rawson,Los Corredores
Barrio SMATA,Capital,Desamparados
Barrio SMATA II,Capital,Desamparados
Barrio Sociedad Civil Cedro Azul,Santa Lucía,Ciudad de Santa Lucía
Barrio SOEVA II (SOEVA 2 - Sindicato de Obreros y Empleados Vitivinícolas),Rawson,Villa Krause (Ciudad de Rawson)
Barrio SOEVA III,Rivadavia,
Barrio Sol de Noviembre,Jáchal,Villa Mercedes
Barrio Solares de Don José María,Santa Lucía,Ciudad de Santa Lucía
Barrio Solares de Otoño,Capital,Trinidad
Barrio Solares de San Juan,Capital,Trinidad
Barrio Solares de San Juan II,Capital,Trinidad
Barrio Solares de San Juan III,Capital,Trinidad
Barrio Solares de San Juan IV,Capital,Trinidad
Barrio Solares de Santa Lucía,Santa Lucía,Ciudad de Santa Lucía
Barrio Solares del Sur (en construcción),Sarmiento,Villa Media Agua
Barrio Soldado Argentino,Chimbas,Ciudad de Chimbas
Barrio Soldado Argentino,Rivadavia,Marquesado
Barrio STOTAC,Rivadavia,Ciudad de Rivadavia
Barrio STOTAC 3 (Barrio STOTAC Rawson),Rawson,
Barrio Suboficiales de Gendarmería,Calingasta,Barreal
Barrio Sur,Capital,Trinidad
Barrio SUTIAGYF,Rawson,Villa Krause (Ciudad de Rawson)
Barrio Tadeo Rojo,Pocito,La Rinconada
Barrio Talacasto,Chimbas,
Barrio Tehul,25 de Mayo,Villa Borjas (Las Casuarinas)
Barrio Teniente 1º Silva (ex Cañita),Rawson,
"Barrio Teresa de Calcuta (Sectores I, II y III)",Pocito,
Barrio Thomas Edison (Barrio Tomás Edison),Santa Lucía,Ciudad de Santa Lucía
Barrio Tierra del Fuego,Santa Lucía,Ciudad de Santa Lucía
Barrio Tierras de Albardón (proyectado),Albardón,Villa General San Martín
Barrio Tierras del Sur (proyectado),Rawson,
Barrio Tontal,Zonda,Villa Basilio Nievas
Barrio Toranzo,Sarmiento,Villa Media Agua
Barrio Trabajadores Viales Nacionales,Santa Lucía,Ciudad de Santa Lucía
Barrio Tránsito de Oro,Chimbas,
Barrio Tres Esquinas,Sarmiento,Tres Esquinas
Barrio Tupelí Sector II (Tupelí Sector 2),25 de Mayo,Tupelí
Barrio Turf,Rivadavia,Ciudad de Rivadavia
Barrio Turf,Rawson,Villa Krause
Barrio UDA I (UDA 1 - Unión Docentes Argentinos),Pocito,
Barrio UDA II,Rawson,
Barrio UDAP I,Santa Lucía,Ciudad de Santa Lucía
Barrio UDAP II,Rivadavia,Ciudad de Rivadavia
Barrio UDAP IV,Rawson,Villa Krause (Ciudad de Rawson)
Barrio Uliarte,Rawson,Villa Krause (Ciudad de Rawson)
Barrio Ulises I,Iglesia,Rodeo
Barrio Ullum II,Ullum,
Barrio Unión Obrera y Empleados Plásticos,Rawson,Villa Krause (Ciudad de Rawson)
Barrio Unión Personal Civil de la Nación (UPCN),Pocito,
Barrio Universidad Católica,Rivadavia,Ciudad de Rivadavia
Barrio Universitario,Capital,
Barrio Urquiza,Capital,
Barrio Uruguay,Capital,Concepción
Barrio Uruguay,Capital,
Barrio Usno,Valle Fértil,Usno
Barrio UTA Caucete,Caucete,Ciudad de Caucete
Barrio UTA IV Pocito (Unión Tranviarios Automotor),Pocito,
Barrio UTA sectores I y II,Rawson,Villa Krause (Ciudad de Rawson)
Barrio UTEDYC (Unión de Trabajadores de Entidades Deportivas y Civiles),Santa Lucía,Ciudad de Santa Lucía
Barrio Valle del Sol (IPV - proyectado),Rawson,
Barrio Valle Grande,Rawson,
Barrio Valle Grande Norte (en construcción),Rawson,
Barrio Valle Norte,Valle Fértil,Villa San Agustín
Barrio Valle Norte Ampliación (en construcción),Valle Fértil,Villa San Agustín
Barrio Valle Pintado,Santa Lucía,Ciudad de Santa Lucía
Barrio Vallecito,Caucete,Vallecito - Paraje Difunta Correa
Barrio Valles Cuyanos (Rawson Conjunto VI - Conjunto 6),Rawson,
Barrio Vesta,Capital,Desamparados
Barrio Vesta II,Santa Lucía,Ciudad de Santa Lucía
Barrio Victoria,Rawson,Villa Krause (Ciudad de Rawson)
Barrio Victorino Ortega,Rawson,Villa Krause (Ciudad de Rawson)
Barrio Villa 9 de Julio,9 de Julio,La Majadita
Barrio Villa Borjas,25 de Mayo,Villa Borjas (Las Casuarinas)
Barrio Villa del Parque,Santa Lucía,Ciudad de Santa Lucía
Barrio Villa El Salvador,Angaco,Villa del Salvador
Barrio Villa Elisa I,Pocito,Villa Aberastain (Ciudad de Pocito)
Barrio Doctor Guillermo Rawson,Rawson,Villa Krause (Ciudad de Rawson)
Barrio Doctor Leopoldo Bravo (ex Lote Hogar Nº 1),Chimbas,Ciudad de Chimbas
Barrio Domingo Faustino Sarmiento,Rawson,Villa Krause (Ciudad de Rawson)
Barrio Don Bosco,25 de Mayo,Villa Santa Rosa
Barrio Don José,Pocito,Villa Aberastain (Ciudad de Pocito)
Barrio Don José (Barrio Municipal Don José),Albardón,Villa General San Martín
Barrio Don Rosendo,Rawson,Los Corredores
Barrio Don Segundo,Jáchal,San Isidro
Barrio Dorrego,Capital,San Juan
Barrio Dos Acequias,San Martín,Dos Acequias
Barrio Echeverría,Capital,San Juan
Barrio Edilco,Rawson,Villa Krause (Ciudad de Rawson)
Barrio Eduardo Bustelo,Santa Lucía,
Barrio Ejército de los Andes,Rawson,
Barrio El Alba (en construcción),Chimbas,
Barrio El Alcazar,Calingasta,Tamberías
Barrio El Algarrobo - Sectores 1 y 2,Caucete,Ciudad de Caucete
Barrio El Arriero (Barrio Los Arrieros),Rivadavia,Marquesado
Barrio El Bosque,Angaco,Villa del Salvador
Barrio El Bosque,Angaco,El Bosque
Barrio El Carrerito,Pocito,
Barrio El Carrizal,Calingasta,Sorocayense
Barrio El Ceibo,Rivadavia,Ciudad de Rivadavia
Barrio El Ceibo,Santa Lucía,Ciudad de Santa Lucía
Barrio El Cerro,Albardón,Campo Afuera
Barrio El Chañar,Chimbas,
Barrio El Chañar (Barrio Esquina El Chañar),25 de Mayo,
Barrio El Cóndor,Rivadavia,La Bebida
Barrio El Cóndor (Barrio SUTIAGA - Sindicato Único de Trabajadores de la Industria de Aguas Gaseosas y Afines),Rivadavia,Marquesado
"Barrio El Cordillerano (Sindicato Argentino de Televisión, Telecomunicación, Servicios Audiovisuales, Interactivos y de Datos - SATSAID)",Pocito,
"Barrio El Cordillerano - Segunda Etapa  (Sindicato Argentino de Televisión, Telecomunicación, Servicios Audiovisuales, Interactivos y de Datos - SATSAID)",Pocito,
Barrio El Jagual (proyectado),Pocito,Carpintería
Barrio El Jilguero,Rivadavia,La Bebida
Barrio El Laurel,Rawson,
Barrio El Mercedario,Calingasta,Barreal
Barrio El Milagro,Iglesia,Rodeo
Barrio El Molle,Rawson,Villa Krause (Ciudad de Rawson)
Barrio El Puerto (en construcción),Calingasta,Sorocayense
Barrio El Remanso,Santa Lucía,
Barrio El Rincón,Albardón,El Rincón
Barrio El Vivero,Santa Lucía,Ciudad de Santa Lucía
Barrio Elena Frondizi (ex Lote Hogar Nº 19),Rivadavia,Ciudad de Rivadavia
Barrio Embajador Zaldívar (Pocito Conjunto 1),Pocito,Villa Aberastain (Ciudad de Pocito)
Barrio Emilio Enoé Mendoza,Caucete,Ciudad de Caucete
Barrio Empleados Municipales,Caucete,Ciudad de Caucete
Barrio Empresa Mayo,Rawson,Villa Krause (Ciudad de Rawson)
Barrio Energía San Juan,Capital,Concepción
Barrio Enfermera Beatriz Salas (Complejo Habitacional Pocito Conjunto 5),Pocito,
Barrio Enfermera Medina,Capital,Desamparados
Barrio Enoe Bravo,Santa Lucía,Ciudad de Santa Lucía
Barrio Entre Aguas - Loteo Residencial,Ullum,Villa Ibáñez
Barrio Entre Cauces (Conjunto Habitacional Entre Cauces) (proyectado),Capital,San Juan
Barrio Entre Ríos,San Martín,La Puntilla
Barrio España,Albardón,Las Lomitas
Barrio Estación La Rinconada,Pocito,Estación La Rinconada
Barrio Estación Wilkinson,Capital,Desamparados
Barrio Estado de Israel,Rawson,Villa Krause (Ciudad de Rawson)
Barrio Eva Duarte de Perón,Pocito,Villa Aberastain (Ciudad de Pocito)
Barrio Evita,Jáchal,Villa Mercedes
Barrio Ex Combatientes de Malvinas,Rawson,Villa Krause (Ciudad de Rawson)
Barrio Facundo Menem,Pocito,Villa Aberastain (Ciudad de Pocito)
Barrio Fanzolato Sur,Rawson,
Barrio Federación de Viñateros,Capital,
Barrio Federación de Viñateros (ex Villa Gobernador Chávez) (a confirmar),Santa Lucía,Ciudad de Santa Lucía
Barrio Federico Cantoni (Barrio Rodeo IV),Iglesia,Rodeo
Barrio Felipe Cobas,Caucete,Ciudad de Caucete
Barrio Feres,Ullum,
Barrio Fermín Rodríguez,Capital,Desamparados
Barrio Ferrocarril Norte,Capital,
Barrio Ferrocarril Sur,Capital,San Juan
Barrio Ferroviario,Rawson,Villa Krause (Ciudad de Rawson)
Barrio Florentino Ameghino,Chimbas,
Barrio FOECyT (Federación de Obreros y Empleados de Correos y Telecomunicaciones) - Primera Etapa,Pocito,
Barrio FOECyT (Federación de Obreros y Empleados de Correos y Telecomunicaciones) - Segunda Etapa,Pocito,
Barrio FOEVA,Rivadavia,Ciudad de Rivadavia
Barrio Formosa,Calingasta,Barreal
Barrio Formosa,Albardón,Villa San Miguel
Barrio Foro de Abogados II,Rawson,
Barrio Fortabat,Rivadavia,Ciudad de Rivadavia
Barrio Fragata Sarmiento,Chimbas,
Barrio Franklin Rawson,Rawson,Villa Krause (Ciudad de Rawson)
Barrio Fray Justo Santa María de Oro (Complejo Habitacional Pocito Conjunto 1),Pocito,La Rinconada
Barrio Fray Mamerto Esquiú,Capital,Trinidad
Barrio Fray Santa María de Oro,Capital,Trinidad
Barrio Fronteras Argentinas,Jáchal,San José de Jáchal
Barrio Fronteras Argentinas (ex Lote Hogar Nº 45),Calingasta,Barreal
Barrio FUVA,Capital,Desamparados
Barrio Gata de Górgora,Rawson,Villa Krause (Ciudad de Rawson)
Barrio GEMO II,Rivadavia,Ciudad de Rivadavia
Barrio Gendarmería,Rivadavia,Ciudad de Rivadavia
Barrio General Acha,Capital,San Juan
Barrio General Acha II,Capital,Concepción
Barrio General Acha Sur,Pocito,Colonia Rodas
Barrio General Güemes,Capital,San Juan
Barrio General Las Heras,Capital,
Barrio General Paz,Capital,
Barrio Gobernador Camilo Rojo,Santa Lucía,Ciudad de Santa Lucía
Barrio Gobernador Carlos Doncel,Pocito,
Barrio Gran Libertador,Rivadavia,Ciudad de Rivadavia
Barrio Guayaguas,Caucete,Ciudad de Caucete
Barrio Las Moritas,Caucete,
Barrio Las Nubes (Barrio Lote Hogar Las Nubes),Albardón,
Barrio Las Pampas,Pocito,Villa Aberastain
Barrio Las Piedritas I (Las Piedritas 1),Pocito,Quinto Cuartel
Barrio Las Piedritas II (Las Piedritas 2),Pocito,Quinto Cuartel
Barrio Las Pircas,Rawson,
Barrio Las Rosas,Capital,Concepción
Barrio Las Totoras,Zonda,Zonda Arriba
Barrio Las Tres Marías (en construcción),Chimbas,
Barrio Las Viñas,Santa Lucía,Ciudad de Santa Lucía
Barrio Lebensohn,Chimbas,Ciudad de Chimbas
Barrio Libertad I,Rawson,Villa Krause (Ciudad de Rawson)
Barrio Libertad III,Rivadavia,Ciudad de Rivadavia
Barrio Libertador I,Santa Lucía,Ciudad de Santa Lucía
Barrio Libertador IV,Santa Lucía,
Barrio Los Álamos (Natania XIII),Capital,
Barrio Los Álamos II,Capital,Desamparados
Barrio Los Alerces,Chimbas,
Barrio Los Algarrobos,25 de Mayo,Villa Santa Rosa
Barrio Los Almendros,Rivadavia,Ciudad de Rivadavia
Barrio Los Almendros,Pocito,
Barrio Los Andes,Chimbas,
Barrio Los Arces (Barrio Chimbas Conjunto VI - Conjunto 6),Chimbas,
Barrio Los Aromos (ProCreAr),Capital,Concepción
Barrio Los Arrayanes I,Rivadavia,Ciudad de Rivadavia
Barrio Los Arrayanes II,Rivadavia,Ciudad de Rivadavia
Barrio Los Berros,Sarmiento,Los Berros
Barrio Los Caracoles,Rawson,Villa Krause (Ciudad de Rawson)
Barrio Los Cardos,Chimbas,
Barrio Los Ceramistas,Rawson,Villa Krause (Ciudad de Rawson)
Barrio Los Cerros,Pocito,
Barrio Los Girasoles,Pocito,
Barrio Los Horcones,Rawson,Villa Krause (Ciudad de Rawson)
Barrio Los Horneros,Rawson,Los Corredores
Barrio Los Médanos,Rawson,Villa Krause (Ciudad de Rawson)
Barrio Los Molinos (Conjunto Habitacional Los Molinos) (en construcción),Capital,San Juan
Barrio Los Nevados,Chimbas,Ciudad de Chimbas
Barrio Los Nogales,Santa Lucía,
Barrio Los Nogales (Barrio Los Nogales I),Pocito,
Barrio Los Nogales I,Jáchal,Huaco
Barrio Los Nogales II,Jáchal,Huaco
Barrio Los Nogales II,Chimbas,
Barrio Los Olivos,Caucete,Ciudad de Caucete
Barrio Los Paraísos,Capital,San Juan
Barrio Los Penitentes,Rivadavia,La Bebida
Barrio Los Pinos,Chimbas,
Barrio Los Plátanos,Rawson,Villa Krause (Ciudad de Rawson)
Barrio Los Sauces,Rawson,Villa Krause (Ciudad de Rawson)
Barrio Los Solares,Santa Lucía,Ciudad de Santa Lucía
Barrio Los Surcos (Conjunto Habitacional Los Surcos) (en construcción),Chimbas,Ciudad de Chimbas
Barrio Los Sureños (Barrio Sureño),Rawson,Los Corredores
Barrio Los Tamarindos,Chimbas,
Barrio Los Teros,Pocito,
Barrio Los Tilos,Capital,Desamparados
Barrio Los Toneles,Chimbas,
Barrio Los Trigales (en construcción),Jáchal,San José de Jáchal
Barrio Los Troncos,Capital,Desamparados
Barrio Los Troncos,Santa Lucía,Ciudad de Santa Lucía
Barrio Los Troperos,Santa Lucía,Ciudad de Santa Lucía
Barrio Los Zorzales,Rivadavia,Marquesado
Barrio Lote Hogar Cerro Colorado - Primera Etapa,Calingasta,Barreal
Barrio Lote Hogar Cerro Colorado - Segunda Etapa,Calingasta,Barreal
Barrio Lote Hogar Villa Yanello,25 de Mayo,Pozo del Salado
Barrio Lozano I,Albardón,Las Lomitas
Barrio Lozano II,Albardón,Las Lomitas
Barrio Lozano III,Albardón,Las Lomitas
Barrio Luis B. Plaza (ex Floresta) (necesita confirmación),Rawson,Villa Krause (Ciudad de Rawson)
Barrio Luis Cattani,Capital,Concepción
Barrio Luis Echeverría,Calingasta,Barreal
Barrio Luján (Barrio Municipal Villa Luján),Albardón,El Topón
Barrio Luz y Fuerza,Capital,
Barrio Luz y Fuerza III,Chimbas,
Barrio Luz y Fuerza IV (Luz y Fuerza 4),Pocito,
Barrio Luz y Fuerza V (Luz y Fuerza 5),Rawson,
Barrio Maipú (Conjunto Habitacional),Capital,
Barrio Maipú II (Barrio Maipú - Segunda Etapa) (en construcción),Capital,
Barrio Malimán,Rawson,Villa Krause (Ciudad de Rawson)
Barrio Malvinas Argentinas,Rawson,Villa Krause (Ciudad de Rawson)
Barrio Malvinas Argentinas,Jáchal,Bella Vista
Barrio Malvinas Nos Une - Sector 2,Angaco,Las Tapias
Barrio Manantial (Los Manantiales),Capital,Trinidad
Barrio Manuel Belgrano,Rawson,Villa Krause (Ciudad de Rawson)
Barrio Manzanares,Pocito,
Barrio Mar del Plata,Jáchal,Villa Mercedes
Barrio Marayes,Caucete,Ciudad de Caucete
Barrio Marcó,Rawson,Villa Krause (Ciudad de Rawson)
Barrio Marcó III,Albardón,Campo Afuera
Barrio Margarita Ferrá,Pocito,
Barrio Margarita Ferrá de Bartol (Ullum Conjunto II),Ullum,
Barrio Margarita Ferrá de Bartol (Valle Fértil Conjunto 2),Valle Fértil,Villa San Agustín
Barrio María Auxiliadora,San Martín,La Puntilla
Barrio María Auxiliadora (Asociación Oasis Cordillerano),Iglesia,Angualasto
Barrio Marquesado I (Marquesado 1),Rivadavia,Marquesado
Barrio Marquesado II (Marquesado 2),Rivadavia,La Bebida
Barrio Marquesado III (Marquesado 3),Rivadavia,Marquesado
Barrio Martín Fierro,Chimbas,Ciudad de Chimbas
Barrio Martín Miguel de Güemes,Rawson,Villa Krause (Ciudad de Rawson)
Barrio Martín Miguel de Güemes,Chimbas,Ciudad de Chimbas
Barrio Martina Chapanay,Albardón,Las Lomitas
Barrio Mattas-Ristol,Calingasta,Barreal
Barrio República del Líbano,Rawson,Villa Krause (Ciudad de Rawson)
Barrio Resero,Chimbas,
Barrio Residencial,Capital,Desamparados
Barrio Residencial Doctor Guillermo Rawson,Rawson,Villa Krause (Ciudad de Rawson)
Barrio Residencial El Remanso,Capital,
Barrio Residencial José Ignacio de la Roza,Santa Lucía,Ciudad de Santa Lucía
Barrio Residencial Leonor (proyectado),Santa Lucía,Ciudad de Santa Lucía
Barrio Residencial Santa Bárbara,Pocito,Villa Aberastain (Ciudad de Pocito)
Barrio Residencial Tulum,Capital,Desamparados
Barrio Residencial Villa Isabel,Santa Lucía,Ciudad de Santa Lucía
Barrio Residencial Vistas del Sur (proyectado),Pocito,
Barrio Retiro,Santa Lucía,Ciudad de Santa Lucía
Barrio Ricardo Balbín,Albardón,Villa General San Martín
Barrio Ricardo Colombo,Zonda,Zonda Arriba
Barrio RIM 22,Capital,Trinidad
Barrio Rincón del Este,Caucete,Ciudad de Caucete
Barrio Rincón Privado,Rivadavia,Ciudad de Rivadavia
Barrio Rinconada II (Barrio La Rinconada),Pocito,Villa Aberastain (Ciudad de Pocito)
Barrio Río Blanco,Rawson,Villa Krause (Ciudad de Rawson)
Barrio Río Calingasta,Calingasta,Villa Calingasta
Barrio Río Negro,Pocito,Villa Aberastain (Ciudad de Pocito)
Barrio Rivadavia Conjunto 5,Rivadavia,La Bebida
Barrio Rivadavia Conjunto 5 Ampliación,Rivadavia,La Bebida
Barrio Rivadavia Conjunto 6,Rivadavia,La Bebida
Barrio Rivadavia Conjunto 7,Rivadavia,La Bebida
Barrio Rivadavia Conjunto 8,Rivadavia,Marquesado
"Barrio Rivadavia Conjuntos 1, 2 y 3",Rivadavia,La Bebida
Barrio Rivadavia II,Rivadavia,Ciudad de Rivadavia
Barrio Rivadavia Sur,Rivadavia,Ciudad de Rivadavia
Barrio Robledal,Capital,San Juan
Barrio Roque Sáenz Peña,Santa Lucía,Ciudad de Santa Lucía
Barrio Rural 2,Santa Lucía,Alto de Sierra
Barrio Ruta 20,Caucete,Ciudad de Caucete
Barrio Ruta 40,Pocito,Carpintería
Barrio S. Casú,25 de Mayo,Villa Santa Rosa
Barrio S.O.E.M.E. (SOEME - Sindicato de Obreros y Empleados de Minoridad y Educación),Pocito,
Barrio SADOP (Sindicato Argentino de Docentes Privados),San Martín,
Barrio Salomón Gliksberg,Albardón,Campo Afuera
Barrio Salvador María del Carril,Rawson,Villa Krause (Ciudad de Rawson)
Barrio Salvador Norte,Pocito,
Barrio San Antonio,Capital,Concepción
Barrio San Benito de Nursia,Pocito,
Barrio San Carlos,Rivadavia,Ciudad de Rivadavia
Barrio San Cayetano,Rawson,Villa Krause (Ciudad de Rawson)
Barrio San Cayetano,Chimbas,
Barrio San Expedito,Albardón,La Cañada
Barrio San Expedito,Rawson,Villa Krause (Ciudad de Rawson)
Barrio San Francisco,Chimbas,
Barrio San Francisco II,Chimbas,
Barrio San Guillermo (Loteo San Guillermo),Rawson,
Barrio San Ignacio,Rawson,
Barrio San Isidro Labrador - Sector Norte,San Martín,San Isidro
Barrio San Isidro Labrador - Sector Sur,San Martín,San Isidro
Barrio San Javier,Santa Lucía,Ciudad de Santa Lucía
Barrio San Jorge,San Martín,La Puntilla
Barrio San José,Rawson,
Barrio San José I (San José 1),Jáchal,San José de Jáchal
Barrio San José II (San José 2),Jáchal,San José de Jáchal
Barrio San Juan de los Olivos,Rawson,
Barrio San Juan III,Caucete,Ciudad de Caucete
Barrio San Lorenzo,Santa Lucía,Ciudad de Santa Lucía
Barrio San Luis,Rawson,Villa Krause (Ciudad de Rawson)
Barrio San Martín,Caucete,Los Médanos
Barrio San Martín,Pocito,
Barrio San Martín,Jáchal,San José de Jáchal
Barrio San Martín,Capital,Concepción
Barrio San Martín (ex Loteo Báez),Pocito,La Rinconada
Barrio San Martín 71 Viviendas,San Martín,San Isidro
Barrio San Martín Conjunto 4,San Martín,San Isidro
Barrio San Nicolás,Caucete,Ciudad de Caucete
Barrio San Patricio,Chimbas,
Barrio San Ramón,Chimbas,Ciudad de Chimbas
Barrio San Raúl,Rivadavia,Ciudad de Rivadavia
Barrio San Ricardo,Rawson,Villa Krause (Ciudad de Rawson)
Barrio San Roberto,Rivadavia,Ciudad de Rivadavia
Barrio San Roque,Albardón,La Cañada
Barrio San Roque I (San Roque 1),Jáchal,San Roque
Barrio Sancassani (ex Lote Hogar Nº 8),Chimbas,Ciudad de Chimbas
Barrio Santa Bárbara (Pocito Conjunto II - Conjunto 2),Pocito,
Barrio Santa Bárbara de Mogna,Pocito,Villa Aberastain
Barrio Santa Bárbara I (Santa Bárbara 1 - Barrio La Laja),Albardón,
Barrio Santa Bárbara II (Santa Bárbara 2),Albardón,
Barrio Santa Clara,Santa Lucía,Alto de Sierra
Barrio Santa Clara de Asís,Chimbas,Ciudad de Chimbas
Barrio Santa Cruz,Chimbas,Ciudad de Chimbas
Barrio Santa Isabel,Pocito,
Barrio Santa Isabel (Hortalizas del Paraíso) (necesita confirmación),Chimbas,Ciudad de Chimbas
Barrio Santa Jacinta,Capital,Trinidad
Barrio Santa Lucía (ex Lote Hogar Nº 26),Santa Lucía,Ciudad de Santa Lucía
Barrio Santa Lucía Conjunto 4,Santa Lucía,Ciudad de Santa Lucía
Barrio Santa Lucía Conjunto II La Colonia (Conjunto 2),Santa Lucía,Colonia Richet Zapata
Barrio Santa Lucía Conjunto V (Conjunto 5),Santa Lucía,
Barrio Santa Lucía Conjunto VI (Conjunto 6),Santa Lucía,
Barrio Santa Lucía Norte,Santa Lucía,Ciudad de Santa Lucía
Barrio Santa María,Chimbas,
Barrio Santa Rita,9 de Julio,Villa 9 de Julio
Barrio Santa Rita,Pocito,Villa Aberastain (Ciudad de Pocito)
Barrio Santa Rosa,Capital,Desamparados
Barrio Santa Teresita,Capital,Trinidad
Barrio Santo Domingo,Chimbas,Ciudad de Chimbas
Barrio Centinela I,Rivadavia,Ciudad de Rivadavia
Barrio Centinela II,Rivadavia,Ciudad de Rivadavia
Barrio Centinela III,Chimbas,Ciudad de Chimbas
Barrio Centro Empleados de Comercio,Santa Lucía,Ciudad de Santa Lucía
Barrio Ceramistas II Sector 1,Pocito,
Barrio Ceramistas II Sector 2,Pocito,
Barrio Cerrado El Prado,9 de Julio,
Barrio Cerrado La Victoria,Rivadavia,Ciudad de Rivadavia
Barrio Cerrado Loteo del Oeste Residencial (Barrio Privado Oeste Residencial),Rivadavia,Ciudad de Rivadavia
Barrio Cerrado San Ignacio,Santa Lucía,Ciudad de Santa Lucía
Barrio Cerrado San Sebastián,Capital,Desamparados
Barrio Cerro Blanco,Rivadavia,Marquesado
Barrio Cerro Grande (Desarrollo Urbanístico ProCreAr Pocito),Pocito,
Barrio Cerro Grande - Sector 1 (Desarrollo Urbanístico ProCreAr Pocito),Pocito,
Barrio Cerro Grande - Sector 2 (Desarrollo Urbanístico ProCreAr Pocito),Pocito,
Barrio Cerro Grande - Sector 3 (Desarrollo Urbanístico ProCreAr Pocito),Pocito,
Barrio CESAP,Rivadavia,
Barrio César Aguilar,Caucete,Ciudad de Caucete
Barrio CGT (Villa Urquiza) (necesita confirmación),Capital,
Barrio CGT Chimbas,Chimbas,
Barrio CGT Rawson (Jorge Luis Borges),Rawson,
Barrio CGT Rivadavia,Rivadavia,Ciudad de Rivadavia
Barrio CGT Rivadavia VI,Rivadavia,Ciudad de Rivadavia
Barrio Chacabuco,Capital,Desamparados
Barrio Chacras de Cuyo,Rawson,
Barrio Chimbas,Chimbas,Ciudad de Chimbas
Barrio Chimbas Cipolletti,Chimbas,
Barrio Chimbas Conjunto II (Conjunto 2),Chimbas,
Barrio Chimbas Conjunto III (Conjunto 3),Chimbas,
Barrio Chimbas Conjunto IX (Conjunto 9),Chimbas,Villa Paula A. de Sarmiento
Barrio Chimbas Conjunto Único,Chimbas,
Barrio Chimbas Conjunto V (Conjunto 5),Chimbas,
Barrio Chimbas Conjunto VIII (Conjunto 8),Chimbas,
Barrio Chimbas Conjunto X (Conjunto 10),Chimbas,
Barrio Chimbas Conjunto XI (Conjunto 11),Chimbas,
Barrio Chimbas Conjunto XIII (Conjunto 13),Chimbas,
Barrio Chimbas II,Chimbas,Ciudad de Chimbas
Barrio Cienaguita,Sarmiento,Cienaguita
Barrio Círculo Policial,Chimbas,
Barrio Cochagual,Sarmiento,Cochagual
Barrio Colangüil,Pocito,
Barrio Colón,Capital,
Barrio Colón Sector Este,Santa Lucía,Ciudad de Santa Lucía
Barrio Colón Sector Oeste,Santa Lucía,Ciudad de Santa Lucía
Barrio Colonia Zapata,Santa Lucía,Ciudad de Santa Lucía
Barrio Colonial,Chimbas,
Barrio Coloso,Rawson,Villa Krause (Ciudad de Rawson)
Barrio Comandante Cabot,Capital,Concepción
Barrio Complejo Don Pedro,Santa Lucía,Ciudad de Santa Lucía
Barrio Complejo Mirasol,Rivadavia,Ciudad de Rivadavia
Barrio Comuna San Miguel,Chimbas,El Mogote
Barrio Conductores I (Sindicato de Conductores de Taxis de San Juan),Santa Lucía,Ciudad de Santa Lucía
Barrio Conjunto 4 Alto Huaco,Jáchal,Alto Huaco
Barrio Conjunto 4 Plumerillo,Angaco,Villa del Salvador
Barrio Conjunto Único (en construcción),Chimbas,
Barrio Consejo Habitacional Municipalidad de Santa Lucía,Santa Lucía,Ciudad de Santa Lucía
Barrio Consorcio 28 de Agosto (Barrio 28 de Agosto),Jáchal,San José de Jáchal
Barrio Constitución,Pocito,
Barrio Convieco,Capital,Desamparados
Barrio Cooperarq I (El Portal),Capital,Desamparados
Barrio Cooperarq II (Universidad),Rivadavia,Ciudad de Rivadavia
Barrio Cooperarq III (Solares de Graffigna),Capital,Desamparados
Barrio Cooperarq IV,Rivadavia,Ciudad de Rivadavia
Barrio Cooperarq V,Rivadavia,Ciudad de Rivadavia
Barrio Cooperarq VIII,Rivadavia,Ciudad de Rivadavia
Barrio Cooperativa 30 de Agosto,Chimbas,
Barrio Cooperativa Laprida,Pocito,
Barrio Cooperativa Oro Negro,Rawson,Villa Krause (Ciudad de Rawson)
Barrio Cooperativa Pismanta (Pismanta 1),Jáchal,San José de Jáchal
Barrio Cooperativa Pismanta II (Pismanta 2),Jáchal,San José de Jáchal
Barrio Cooperativa Pismanta III (Barrio Pismanta 3),Jáchal,San José de Jáchal
Barrio Cooperativa Villa María,Santa Lucía,Ciudad de Santa Lucía
Barrio Córdoba,Rivadavia,Ciudad de Rivadavia
Barrio Coronel J. Fontana,Rawson,Villa Krause
Barrio Corrientes,Capital,Concepción
Barrio Costa Canal,Capital,Concepción
Barrio Costa Canal III (Costa Canal 3),Capital,San Juan
Barrio Costanera III,Chimbas,
Barrio CoViSar,Sarmiento,Villa Media Agua
Barrio CRAS (Centro Regional de Aguas Subterráneas),Capital,Trinidad
"Barrio Cruce de los Andes Sectores I, II y III",Pocito,La Rinconada
Barrio Crucero ARA General Belgrano,Chimbas,
Barrio Cruz del Sur (UPCN),Rawson,Villa Krause (Ciudad de Rawson)
Barrio Cuesta del Viento,Iglesia,Rodeo
Barrio Cuesta del Viento (Barrio AMECOM II - Asociación Mutual de Empleados de Comercio),Rawson,
Barrio Cuesta del Viento Ampliación (en construcción),Iglesia,Rodeo
Barrio Cura Brochero,Caucete,Ciudad de Caucete
Barrio Del Bono,Capital,Desamparados
Barrio Del Bono Green,Rivadavia,Ciudad de Rivadavia
Barrio del Carmen,Capital,Desamparados
Barrio del Carmen II,Sarmiento,Los Berros
Barrio del Inca,Chimbas,
Barrio del Prado,Chimbas,Ciudad de Chimbas
Barrio Difunta Correa,Santa Lucía,Alto de Sierra
Barrio Dique de Ullum (Dique de Ullum I),Ullum,
Barrio Dique de Ullum II,Ullum,
Barrio Docentes Sanjuaninos (UDAP III),Rivadavia,Ciudad de Rivadavia
Barrio Doctor Elías Amado,9 de Julio,Villa 9 de Julio
Barrio Doctor Francisco Velert (Pocito Conjunto 2),Pocito,Villa Aberastain (Ciudad de Pocito)
Barrio Guayama,Caucete,Ciudad de Caucete
Barrio Güell,Sarmiento,Villa Media Agua
Barrio Guillermo,Rawson,
Barrio Héroes de Malvinas,Rawson,Villa Krause (Ciudad de Rawson)
Barrio Héroes del Belgrano (Ex Las Tierritas),Santa Lucía,Ciudad de Santa Lucía
Barrio Hidráuilica,Capital,Trinidad
Barrio Higueritas I (Las Higueritas 1),Ullum,
Barrio Higueritas II (Las Higueritas 2),Ullum,
Barrio Hipólito Yrigoyen,Jáchal,San José de Jáchal
Barrio Horizonte Andino,Rawson,Villa Krause (Ciudad de Rawson)
Barrio Hualilán I y II,Rawson,Villa Krause (Ciudad de Rawson)
Barrio Hualilán Sur II,Rawson,Villa Krause (Ciudad de Rawson)
Barrio Huarpe (Barrio Huarpes),Pocito,
Barrio Huarpes,Caucete,Ciudad de Caucete
Barrio Huazihul,Rivadavia,Ciudad de Rivadavia
Barrio Ignacio de la Roza,Caucete,Ciudad de Caucete
Barrio Industrial,Caucete,Ciudad de Caucete
Barrio Ingeniero Céspedes,Rivadavia,La Bebida
Barrio INTA,Capital,Desamparados
Barrio Intendente Francisco Césped (Angaco Conjunto 2),Angaco,La Cañada
Barrio Intendente Joaquín Uñac (ex Barrio Salvador Sur),Pocito,Villa Aberastain
Barrio IPV Jáchal Conjunto 1 Niquivil,Jáchal,Niquivil
Barrio Itatí (ex Lote Hogar Nº 10),Santa Lucía,Ciudad de Santa Lucía
Barrio Ituzaingó,Rivadavia,Ciudad de Rivadavia
Barrio J. B. Alberdi,Santa Lucía,Ciudad de Santa Lucía
Barrio J. Licciardi,Rawson,Villa Krause (Ciudad de Rawson)
Barrio Jáchal Conjunto 5,Jáchal,Villa Mercedes
Barrio Jana,Santa Lucía,Ciudad de Santa Lucía
Barrio Jardín 2 de Agosto,Rawson,Villa Krause (Ciudad de Rawson)
Barrio Jardín 2 de Agosto,Rivadavia,Ciudad de Rivadavia
Barrio Jardín de la Bebida (Barrio Jardín La Bebida),Rivadavia,La Bebida
Barrio Jardín del Milagro,Santa Lucía,Ciudad de Santa Lucía
Barrio Jardín Municipal,Rivadavia,Ciudad de Rivadavia
Barrio Jardín Municipal,Capital,Desamparados
Barrio Jardín Policial,Rivadavia,Ciudad de Rivadavia
Barrio Jardín Puertas del Sol,Capital,Desamparados
Barrio Jardín Punta Mogotes (proyectado),Chimbas,El Mogote
Barrio Jardín S.M.A.T.A. (SMATA - Sindicato de Mecánicos y Afines del Transporte Automotor),Santa Lucía,Ciudad de Santa Lucía
Barrio Jardín S.M.A.T.A. Ampliación (SMATA - Sindicato de Mecánicos y Afines del Transporte Automotor),Santa Lucía,Ciudad de Santa Lucía
Barrio Jardín Santa Cecilia,Capital,Trinidad
Barrio Jardines del Oeste,Rivadavia,
Barrio Jardines del Sol,Chimbas,
Barrio Jorge Guardia,Rawson,Los Corredores
"Barrio José Américo Grimalt (Sectores I, II y III)",Ullum,
Barrio José Ares,Albardón,El Topón
Barrio José Filiberto Jofré - Primera Etapa,San Martín,Dos Acequias
Barrio José Filiberto Jofré - Segunda Etapa,San Martín,Dos Acequias
Barrio José Ignacio de la Roza,Rivadavia,Ciudad de Rivadavia
Barrio José María Cortez,Santa Lucía,Ciudad de Santa Lucía
Barrio José Miguel Escobar,Rawson,
Barrio Juan Albarracín,25 de Mayo,El Encón
Barrio Juan Jufré,Caucete,Ciudad de Caucete
Barrio Juan Pablo II,Albardón,Las Lomitas
Barrio Juan Pablo II,Chimbas,Ciudad de Chimbas
Barrio Juan XXIII,Chimbas,
Barrio Juan XXIII,Capital,Trinidad
Barrio Juana Manso,Rawson,Villa Krause (Ciudad de Rawson)
Barrio Judicial (Unión Judicial San Juan),Rivadavia,La Bebida
Barrio Justo P. Castro I,Caucete,Ciudad de Caucete
Barrio Justo P. Castro II,Caucete,Ciudad de Caucete
Barrio Justo P. Castro III,Caucete,Ciudad de Caucete
Barrio Justo P. Castro IV Sector Norte,Caucete,
Barrio Justo P. Castro IV Sector Sur,Caucete,
Barrio Kennedy,Santa Lucía,Ciudad de Santa Lucía
Barrio L. Bravo,Chimbas,Ciudad de Chimbas
Barrio La Alameda,Calingasta,Barreal
Barrio La Alumbrera,Calingasta,Alto Calingasta
Barrio La Amistad,Chimbas,
Barrio La Cabaña,Rivadavia,Ciudad de Rivadavia
Barrio La Callecita,9 de Julio,
Barrio La Cañada,Rivadavia,Ciudad de Rivadavia
Barrio La Chimbera I,25 de Mayo,La Chimbera
Barrio La Chimbera II,25 de Mayo,La Chimbera
Barrio La Chimbera III (Barrio 35 viviendas),25 de Mayo,La Chimbera
Barrio La Esperanza,Caucete,Divisoria
Barrio La Estación Sector Norte (ex Villa El Nailon),Rawson,Villa Krause (Ciudad de Rawson)
Barrio La Estación Sector Sur (ex Villa El Nailon),Rawson,Villa Krause (Ciudad de Rawson)
Barrio La Estancia,Chimbas,
Barrio La Fraternidad,Capital,
Barrio La Jarilla,Rawson,Villa Krause (Ciudad de Rawson)
Barrio La Majadita (en construcción),9 de Julio,La Majadita
Barrio La Pampa,Chimbas,Ciudad de Chimbas
Barrio La Plaza,Rivadavia,Ciudad de Rivadavia
Barrio La Quebrada,Rawson,Villa Krause (Ciudad de Rawson)
Barrio La Silvica,Sarmiento,Cochagual
Barrio La Superiora (ProCreAr),Rawson,Villa Krause
Barrio Lagares,Pocito,
Barrio Lago de Ullum,Ullum,
Barrio Lagunas (Barrio Las Lagunas),Rivadavia,La Bebida
Barrio Lagunas del Rosario,Sarmiento,Villa Media Agua
Barrio Laprida,Chimbas,Ciudad de Chimbas
Barrio Laprida,Santa Lucía,Ciudad de Santa Lucía
Barrio Las Alondras,Chimbas,
Barrio Las Calandrias (Barrio Calandrias),Chimbas,
Barrio Las Chacritas,9 de Julio,Las Chacritas
Barrio Las Cortaderas,Iglesia,Villa Iglesia
Barrio Las Lagunas,Sarmiento,Las Lagunas
Barrio Las Lilas,Capital,Concepción
Barrio Las Lomas (en construcción),Iglesia,Las Flores
Barrio Las Moreras,Santa Lucía,Ciudad de Santa Lucía
Barrio Portal de los Andes,Rivadavia,Ciudad de Rivadavia
Barrio Portal del Este,Santa Lucía,Ciudad de Santa Lucía
Barrio Portal del Médano,Rawson,El Medanito
Barrio Portal del Sur,Pocito,
Barrio Pórtico de Alto de Sierra,Santa Lucía,Alto de Sierra
Barrio Posta del Ángel,Rivadavia,Ciudad de Rivadavia
Barrio Presidenta Cristina (Albardón Conjunto III),Albardón,Campo Afuera
Barrio Presidente Arturo Illia (Barrio PAN) (necesita confirmación),Valle Fértil,Villa San Agustín
Barrio Presidente Néstor Kirchner,Albardón,Campo Afuera
Barrio Presidente Perón,Angaco,Las Tapias
Barrio Privado 11-40,Pocito,
Barrio Privado Altos del Solar,Rawson,El Medanito
Barrio Privado Ana Lucía,Pocito,
Barrio Privado Angualasto,Rivadavia,Ciudad de Rivadavia
Barrio Privado Ayres del Este 1º Etapa,Santa Lucía,Ciudad de Santa Lucía
Barrio Privado Ayres del Este 2º Etapa,Santa Lucía,Ciudad de Santa Lucía
Barrio Privado Bello Atardecer,Rawson,Villa Krause (Ciudad de Rawson)
Barrio Privado Buena Esperanza,Rawson,
Barrio Privado Campoamor,Rawson,
Barrio Privado Campos del Vasco,Santa Lucía,
Barrio Privado Casa de Campo,Pocito,
Barrio Privado Cataleya 2,Albardón,
Barrio Privado Consejo Profesional de Ciencias Económicas (CPCE),Rivadavia,Ciudad de Rivadavia
Barrio Privado Cooperarq V,Rivadavia,Ciudad de Rivadavia
Barrio Privado Cooperarq VII,Capital,
Barrio Privado Cooperarq VIII (Barrio Cooperarq VIII - Sector Privado),Rivadavia,Ciudad de Rivadavia
Barrio Privado Costa del Lago (Complejo Costa del Lago),Ullum,Perilago
Barrio Privado Don Luis 2,Rawson,El Medanito
Barrio Privado Don Valentín,Caucete,
Barrio Privado El Cedrón,Rivadavia,Ciudad de Rivadavia
Barrio Privado El Sauce,Santa Lucía,Ciudad de Santa Lucía
Barrio Privado Estilo Campo,Albardón,Las Lomitas
Barrio Privado La Antigua Destilería,Rivadavia,Ciudad de Rivadavia
Barrio Privado Las Américas,Rawson,
Barrio Privado Las Lomas,Pocito,
Barrio Privado Las Marías,Rivadavia,Ciudad de Rivadavia
Barrio Privado Las Mercedes,Rivadavia,Ciudad de Rivadavia
Barrio Privado Los Aromos,Rivadavia,Ciudad de Rivadavia
Barrio Privado Los Fresnos,Zonda,
Barrio Privado Los Fresnos,Rivadavia,Ciudad de Rivadavia
Barrio Privado Los Patos,Pocito,
Barrio Privado Los Retamos,Santa Lucía,
Barrio Privado Los Troncos De Santa Lucia,Santa Lucía,
Barrio Privado Nueva Rinconada,Pocito,Villa Aberastain (Ciudad de Pocito)
Barrio Privado Octavio I,Rawson,
Barrio Privado Palmares del Sol,Rivadavia,Ciudad de Rivadavia
Barrio Privado Portal del Sur,Rawson,
Barrio Privado Portalba I,Rivadavia,Ciudad de Rivadavia
Barrio Privado Portalba II,Rivadavia,Ciudad de Rivadavia
Barrio Privado Portalba III,Rivadavia,Ciudad de Rivadavia
Barrio Privado Portalba V,Santa Lucía,Ciudad de Santa Lucía
Barrio Privado Portalba VII (proyectado),Rivadavia,Marquesado
Barrio Privado Portalba Zonda (Portalba VI),Zonda,
Barrio Privado Posta Chacrita - Casas de Campo,9 de Julio,Las Chacritas
Barrio Privado Residencial Felipa I,Rawson,Villa Krause (Ciudad de Rawson)
Barrio Privado Rincón del Este,Santa Lucía,Ciudad de Santa Lucía
Barrio Privado San Cristóbal II,Santa Lucía,Alto de Sierra
Barrio Privado San Francisco,Pocito,
Barrio Privado Santa Bárbara,Capital,Desamparados
Barrio Privado Sauce Viejo,Santa Lucía,Ciudad de Santa Lucía
Barrio Privado Sierra Grande,Pocito,Villa Aberastain
Barrio Privado Sol del Oeste,Rivadavia,Ciudad de Rivadavia
Barrio Privado Sol Naciente,Rivadavia,Ciudad de Rivadavia
Barrio Privado Solares Don Francisco,Rivadavia,Ciudad de Rivadavia
Barrio Privado Valle de Velázquez,Zonda,Villa Basilio Nievas
Barrio Privado Viñas del Este,Santa Lucía,Ciudad de Santa Lucía
Barrio Privado Vistas del Tontal,Rivadavia,Ciudad de Rivadavia
Barrio Privado Yawali,Pocito,
Barrio Procesa Sarmiento I (Procesa Sarmiento Sector 1),Rawson,Villa Krause (Ciudad de Rawson)
Barrio Procesa Sarmiento II (Procesa Sarmiento Sector 2),Rawson,Los Corredores
Barrio Procesa Sarmiento III (Procesa Sarmiento Sector 3),Rawson,Los Corredores
Barrio Profesional (Barrio Foro de Abogados),Rivadavia,Ciudad de Rivadavia
Barrio Progreso,Rawson,
Barrio Provincia de la Rioja,Rivadavia,Ciudad de Rivadavia
Barrio Provincia de San Juan,Rivadavia,Ciudad de Rivadavia
Barrio Provincia de Tucumán,Capital,Desamparados
Barrio Puente Rufino,Santa Lucía,
Barrio Puente Verde,Iglesia,Rodeo
Barrio Punta del Médano,Sarmiento,Cochagual
Barrio Puyuta,Rivadavia,Ciudad de Rivadavia
Barrio Quintas del Libertador,Santa Lucía,Ciudad de Santa Lucía
Barrio Quintián,Rawson,El Medanito
Barrio Quinto Cuartel,Pocito,Quinto Cuartel
Barrio R. Lara,Capital,San Juan
Barrio Radio Colón,Ullum,Villa Ibáñez
Barrio Rawson Conjunto I (Conjunto 1),Rawson,
Barrio Rawson Conjunto II (Conjunto 2),Rawson,Villa Krause (Ciudad de Rawson)
Barrio Rawson Conjunto IV (Conjunto 4),Rawson,Villa Krause (Ciudad de Rawson)
Barrio Rawson Conjunto IX (Conjunto 9),Rawson,
Barrio Rawson Conjunto V (Conjunto 5),Rawson,
Barrio Rawson Conjunto VII (Conjunto 7),Rawson,Villa Krause (Ciudad de Rawson)
Barrio Rawson Conjunto VIII (Conjunto 8),Rawson,
Barrio Rawson Conjunto X (Conjunto 10),Rawson,Villa Krause (Ciudad de Rawson)
Barrio Rawson Conjunto XI (Conjunto 11),Rawson,
Barrio Real,Iglesia,Villa Iglesia
Barrio Recabarren,Albardón,Las Lomitas
Barrio Recuerdos de Provincia,Santa Lucía,Ciudad de Santa Lucía
Barrio Reina Mora (Sindicato Unión Obrera de Estaciones de Servicio - SUOES),Rawson,Los Corredores
Barrio René Favaloro,Pocito,
Barrio René Favaloro,Chimbas,
Barrio Alto Verde,Calingasta,Villa Calingasta
Barrio Alto Verde (Loteo Alto Verde),Capital,
Barrio Altos de Natania I,Rivadavia,Ciudad de Rivadavia
Barrio Altos de Zonda (Altos de Zonda I),Zonda,
Barrio Altos de Zonda II,Zonda,
Barrio Alvear y Rodríguez,Rawson,Villa Krause (Ciudad de Rawson)
Barrio Amable Jones,Rivadavia,Ciudad de Rivadavia
Barrio AMECOM (Asociación Mutual de Empleados de Comercio),Rawson,Villa Krause (Ciudad de Rawson)
Barrio AMECOM III (Asociación Mutual de Empleados de Comercio),Rawson,
Barrio AMECOM IV (Asociación Mutual de Empleados de Comercio),Rawson,
Barrio AMED (Asociación Mutual Estación Desamparados),Rivadavia,
Barrio AMED II (proyectado),Rawson,
Barrio América,Iglesia,Rodeo
Barrio AMESPU,Rawson,Villa Krause (Ciudad de Rawson)
Barrio Ampakama,Albardón,Las Lomitas
Barrio Andacollo 6 (Andacollo VI),Chimbas,Ciudad de Chimbas
Barrio Andacollo I,Chimbas,Ciudad de Chimbas
Barrio Andacollo II,Chimbas,Ciudad de Chimbas
Barrio Andacollo II (Andacollo 2),Albardón,El Rincón
Barrio Andes 3 - Urbanización Pública,Rivadavia,
Barrio Angaco Conjunto I,Angaco,Villa del Salvador
Barrio Ángel de Rojas,Santa Lucía,Ciudad de Santa Lucía
Barrio Angualasto II,Iglesia,Angualasto
Barrio Ansilta,Rawson,Villa Krause (Ciudad de Rawson)
Barrio Antonino Aberastain,Pocito,Villa Aberastain (Ciudad de Pocito)
Barrio Antonio Torres,25 de Mayo,Villa Santa Rosa
Barrio AOMA (Asociación Obrera Minera Argentina),Albardón,
Barrio AOMA (Asociación Obrera Minera Argentina),Santa Lucía,
Barrio ARA San Juan (ex Chimbas Conjunto IV),Chimbas,
Barrio Aramburu,Rivadavia,Ciudad de Rivadavia
Barrio Área I,Caucete,Ciudad de Caucete
Barrio Área II,Caucete,Ciudad de Caucete
Barrio Arenales,Chimbas,
Barrio Arístides II (Arístides 2),Rawson,
Barrio Aromas de la Vid,Capital,Desamparados
Barrio Aromas de la Vid II,Capital,
Barrio Arturo Frondizi,Capital,Concepción
Barrio Arturo Illia,Rivadavia,Ciudad de Rivadavia
Barrio Asociación Bancaria (Barrio Bancario),Capital,Desamparados
Barrio Asociación Civil 22 de Diciembre (Trabajadores de Farmacia),Chimbas,
Barrio Asociación Civil Jardín Policial - Zona Norte,Jáchal,San José de Jáchal
Barrio Asociación Civil UDA I,Rivadavia,Ciudad de Rivadavia
Barrio Asociación Las Lomitas,Albardón,El Topón
Barrio Asociación Obrera Textil (Barrio Textil),Rawson,
Barrio Asunción,Capital,Desamparados
Barrio Atalaya I (Atalaya 1),Rawson,
Barrio ATE-API,Rivadavia,Ciudad de Rivadavia
Barrio Atlético,Pocito,Villa Aberastain (Ciudad de Pocito)
Barrio Atlético,Rawson,Villa Krause (Ciudad de Rawson)
Barrio ATSA,Rivadavia,Ciudad de Rivadavia
Barrio ATSA IV,Rivadavia,Ciudad de Rivadavia
Barrio ATSA VI (ATSA 6),Pocito,
Barrio Ayres Libertador,Rivadavia,Ciudad de Rivadavia
Barrio Balcarce,Santa Lucía,Ciudad de Santa Lucía
Barrio Balcón de Ansilta,Calingasta,Barreal
Barrio Bandera Argentina,Capital,Concepción
Barrio Bardiani,Capital,Trinidad
Barrio Basilio Nievas,Zonda,Villa Basilio Nievas
Barrio Bella Vista (Barrio Bella Vista - Estapa 1),San Martín,Dos Acequias
Barrio Bella Vista (Bella Vista I),Pocito,Villa Aberastain (Ciudad de Pocito)
Barrio Bella Vista II,Pocito,Villa Aberastain (Ciudad de Pocito)
Barrio Bella Vista II (Barrio Bella Vista - Etapa 2),San Martín,Dos Acequias
Barrio Bella Vista III (Barrio Bella Vista - Estapa 3),San Martín,Dos Acequias
Barrio Bella Vista IV (Barrio Bella Vista - Estapa 4),San Martín,Dos Acequias
Barrio Bella Vista V (Barrio Bella Vista - Estapa 5),San Martín,Dos Acequias
Barrio Bermejito,Santa Lucía,Ciudad de Santa Lucía
Barrio Bermejo,Caucete,Ciudad de Caucete
Barrio Bernardino Rivadavia,Rivadavia,La Bebida
Barrio Bicentenario,Angaco,Villa del Salvador
Barrio Bicentenario,Calingasta,Alto Calingasta
Barrio Bicentenario 1 (Barrio Jáchal Conjunto 2),Jáchal,San José de Jáchal
Barrio Bicentenario 2 (Barrio Jáchal Conjunto 3),Jáchal,San José de Jáchal
Barrio Bilbao II,9 de Julio,Villa 9 de Julio
Barrio Bubica,Rawson,El Medanito
Barrio Buenaventura Luna,Rawson,Villa Krause (Ciudad de Rawson)
Barrio Buenos Aires,Chimbas,Ciudad de Chimbas
Barrio Bulevares de Punta de Rieles,Rivadavia,Ciudad de Rivadavia
Barrio Cabo Principal de la Fuerza Aérea Argentina Suboficial Agustín Hugo Montaño (ex Hualilán Sur),Rawson,Villa Krause (Ciudad de Rawson)
Barrio Cacique Calin,Calingasta,Tamberías
Barrio Cadetes Argentinos,Santa Lucía,Ciudad de Santa Lucía
Barrio Calívar,Rivadavia,Ciudad de Rivadavia
Barrio Camino de las Tapias (en construcción),Iglesia,Rodeo
Barrio Campodónico (ex Barrio Gobernador Ingeniero David Chávez),Santa Lucía,Ciudad de Santa Lucía
Barrio Camus,Rivadavia,Ciudad de Rivadavia
Barrio Cañada,Capital,
Barrio Capitán Lazo,Rawson,Villa Krause (Ciudad de Rawson)
Barrio Carolina II,Capital,San Juan
Barrio Carolina III,Santa Lucía,Ciudad de Santa Lucía
Barrio Casa Quinta,Santa Lucía,
Barrio Casitas Village,Rivadavia,Ciudad de Rivadavia
Barrio Castro Padín,Pocito,Carpintería
Barrio Catamarca,Chimbas,
Barrio Caucete,Caucete,Ciudad de Caucete
Barrio Caucete Conjunto IV (Conjunto 4),Caucete,Ciudad de Caucete
Barrio Cauquenes I (Cauquenes 1),Jáchal,San José de Jáchal
Barrio Ceferino Namuncurá,San Martín,Villa Dominguito
Barrio Celeste y Blanco,Sarmiento,Villa Media Agua
Barrio Centenario,Chimbas,
Barrio Centinela,Calingasta,Barreal
Barrio Centinela (Barrio Centinela IV),Calingasta,Barreal
Villa Palermo,Capital,Desamparados
Villa Pastor,Rawson,Villa Krause (Ciudad de Rawson)
Villa Paula Albarracín de Sarmiento,Chimbas,Ciudad de Chimbas
Villa Pérez Hernández,Rivadavia,Ciudad de Rivadavia
Villa Pontoriero,Capital,Desamparados
Villa Posleman,Rivadavia,Ciudad de Rivadavia
Villa Pueyrredón,Chimbas,
Villa Pueyrredón,Santa Lucía,Ciudad de Santa Lucía
Villa Rachel,Rawson,Villa Krause (Ciudad de Rawson)
Villa Ramos,Chimbas,Ciudad de Chimbas
Villa Rivadavia,Caucete,Ciudad de Caucete
Villa Rizzo,Santa Lucía,Ciudad de Santa Lucía
Villa Rodano,Rawson,Villa Krause (Ciudad de Rawson)
Villa Rodríguez Pinto,Rivadavia,Ciudad de Rivadavia
Villa Rodríguez Vila,Rawson,Villa Krause (Ciudad de Rawson)
Villa Rojas,Rawson,Villa Krause (Ciudad de Rawson)
Villa Ross,Chimbas,Ciudad de Chimbas
Villa Safe,Capital,
Villa Saiz,Rawson,Villa Krause (Ciudad de Rawson)
Villa San Andrés,Capital,Desamparados
Villa San Cayetano,Rawson,Villa Krause (Ciudad de Rawson)
Villa San Ceferino,Pocito,Villa Aberastain (Ciudad de Pocito)
Villa San Damián,Rawson,Villa Krause (Ciudad de Rawson)
Villa San Francisco,Rivadavia,
Villa San Francisco,Rivadavia,Ciudad de Rivadavia
Villa San Isidro,Chimbas,Ciudad de Chimbas
Villa San José,Chimbas,Ciudad de Chimbas
Villa San José,Rivadavia,Ciudad de Rivadavia
Villa San Juan,Rivadavia,Ciudad de Rivadavia
Villa San Martín Sur,Capital,Trinidad
Villa San Miguel,Rawson,Villa Krause (Ciudad de Rawson)
Villa San Pablo,Santa Lucía,Ciudad de Santa Lucía
Villa San Pedro,Rawson,Villa Krause (Ciudad de Rawson)
Villa San Roque,Rivadavia,Ciudad de Rivadavia
Villa San Vicente,Pocito,
Villa Santa Amalia,Rivadavia,Ciudad de Rivadavia
Villa Santa Anita,Rivadavia,Ciudad de Rivadavia
Villa Santa Cruz,Capital,Trinidad
Villa Santa Filomena,Capital,Desamparados
Villa Santa Isabel,Caucete,Ciudad de Caucete
Villa Santa Rita,Rawson,Villa Krause (Ciudad de Rawson)
Villa Santa Rosa,Ullum,
Villa Santa Rosa,Rivadavia,Ciudad de Rivadavia
Villa Santo Domingo,Rawson,Villa Krause (Ciudad de Rawson)
Villa Santo Tomás,Capital,San Juan
Villa Sargento Cabral,Santa Lucía,Ciudad de Santa Lucía
Villa Sarmiento,Chimbas,Ciudad de Chimbas
Villa Sarmiento,Rawson,Villa Krause (Ciudad de Rawson)
Villa Seminario,Rivadavia,Ciudad de Rivadavia
Villa Tahue Barrio Privado,Albardón,
Villa Timoteo Maradona,Capital,
Villa Unión,Capital,Desamparados
Villa Unión,Chimbas,
Villa Urquiza,Santa Lucía,Ciudad de Santa Lucía
Villa Vallecito,Pocito,Quinto Cuartel
Villa Vargas,Capital,Trinidad
Villa Victoria,Capital,
Villa Videla,Chimbas,
Villa Villicum,Albardón,Campo Afuera
Villa Yornet Funes,Rawson,Villa Krause (Ciudad de Rawson)
Villas de Adelfa Residencial 2,Rawson,Médano de Oro (Villa Bolaños)
Villas de Adelfa Residencial 3,Rawson,Médano de Oro (Villa Bolaños)
Vista Andina - Barrio Privado,Rivadavia,Ciudad de Rivadavia
Vivace Art Suites,Capital,San Juan
Barrio Villa Esperanza (Barrio La Esperanza) - Sector A Primera Etapa (Etapa A1),Zonda,Villa Basilio Nievas
Barrio Villa Esperanza (Barrio La Esperanza) - Sector A Segunda Etapa  (Etapa A2),Zonda,Villa Basilio Nievas
Barrio Villa Esperanza (Barrio La Esperanza) - Sector B,Zonda,Villa Basilio Nievas
Barrio Villa Iglesia,Iglesia,Villa Iglesia
Barrio Villa Media Agua I (Villa Media Agua 1),Sarmiento,Villa Media Agua
Barrio Villa Paula,Chimbas,
Barrio Villa Pituil,Calingasta,Barreal
Barrio Villa San Martín,Albardón,Villa San Miguel
Barrio Villa Sefair,Angaco,Villa del Salvador
"Barrio Villas Unidas (Villas Trébol, Botas y Sánchez)",Pocito,
Barrio Villicum (en construcción),Albardón,Campo Afuera
Barrio Viñedos del Sur,Rawson,Villa Krause (Ciudad de Rawson)
Barrio Virgen de Andacollo I,Chimbas,Ciudad de Chimbas
Barrio Virgen de Andacollo II (o VII) (necesita confirmación),Chimbas,Ciudad de Chimbas
Barrio Virgen de Fátima,Rawson,
Barrio Virgen de Fátima (ex Lote Hogar Nº 23),Chimbas,
Barrio Virgen de la Merced,Rawson,Villa Krause (Ciudad de Rawson)
Barrio Virgen de Luján II,Sarmiento,Villa Media Agua
Barrio Virgen del Rocío,Albardón,Las Lomitas
Barrio Virgen del Rosario,San Martín,La Puntilla
Barrio Virgen del Socorro,Albardón,Las Lomitas
Barrio Vistas del Este (Loteo Asociación Civil Crecer Santaluceño),Santa Lucía,
Barrio Walter Melcher,Capital,Desamparados
Barrio Walter Melcher I (Natania X),Capital,Trinidad
Barrio Zonda Conjunto 2 Ampliación,Zonda,Villa Basilio Nievas
Barrio Zonda Conjunto I,Zonda,Zonda Arriba
Barrio Zonda Conjunto II,Zonda,Zonda Arriba
Brisas Barrio Privado,Santa Lucía,Ciudad de Santa Lucía
Brisas Coloniales - Barrio de Campo,Rawson,
Buenaventura - Complejo de Departamentos (en construcción),Capital,
Camino al Puente Viejo - Barrio Privado,Santa Lucía,Ciudad de Santa Lucía
Campo La Legua,Santa Lucía,La Legua
Campo La Rosa I Barrio Privado,Santa Lucía,Ciudad de Santa Lucía
Campo La Rosa II Barrio Privado,Santa Lucía,Ciudad de Santa Lucía
Campo La Rosa III Barrio Privado,Santa Lucía,
Campos de la Abadía - Barrio Privado,Rivadavia,Ciudad de Rivadavia
Centro de Desarrollo Infantil (CDI) Pocito (proyectado),Pocito,Villa Aberastain
Ciudad Jardín - Barrio Privado,Santa Lucía,Ciudad de Santa Lucía
Club House Aromas de Campo,Santa Lucía,Ciudad de Santa Lucía
Colonia Rosales,Rawson,Villa Krause (Ciudad de Rawson)
Complejo América (en construcción),Capital,Concepción
Complejo Aspen I,Rivadavia,Ciudad de Rivadavia
Complejo Aspen II,Rivadavia,Ciudad de Rivadavia
Complejo Aspen III,Rivadavia,Ciudad de Rivadavia
Complejo Aspen IV,Rivadavia,Ciudad de Rivadavia
Complejo Aspen V,Rivadavia,Ciudad de Rivadavia
Complejo Aspen VI Virgen de Lourdes - Ingreso Calle General Espejo,Rivadavia,Ciudad de Rivadavia
Complejo Aspen VI Virgen de Lourdes - Ingreso Calle Los Tilos,Rivadavia,Ciudad de Rivadavia
Complejo Aspen VII (en construcción),Rivadavia,Ciudad de Rivadavia
Complejo Brasil I (Brasil 1),Capital,San Juan
Complejo Casas de Zonda,Zonda,
Complejo Catamarán - Residencias en Altura,Capital,San Juan
Complejo Cavallieri II,Capital,
Complejo Caza II,Capital,Trinidad
Complejo Caza III,Capital,Trinidad
Complejo Córdoba (en construcción),Capital,San Juan
Complejo de Viviendas y Centro de Día Casa Activa Chimbas (en construcción),Chimbas,
Complejo de Viviendas y Centro de Día Casa Activa Pocito (en construcción),Pocito,
Complejo Don Julián I - Barrio Abierto,Pocito,
Complejo Enriqueta,Santa Lucía,
Complejo Habitacional Aguaribay,Rivadavia,Ciudad de Rivadavia
Complejo Habitacional Aleph (Conjunto Habitacional Aleph) (en construcción),Capital,Desamparados
Complejo Habitacional Conjunto 3 Pocito,Pocito,
Complejo Habitacional Conjunto 3 Rawson,Rawson,
Complejo Habitacional Conjunto 4 Pocito,Pocito,
Complejo Habitacional Conjunto 7 Pocito,Pocito,
Complejo Habitacional CREAR 14,Capital,Trinidad
Complejo Habitacional CREAR 16,Capital,Trinidad
Complejo Habitacional CREAR 18,Rawson,Villa Krause (Ciudad de Rawson)
Complejo Habitacional CREAR 21,Capital,San Juan
Complejo Habitacional CREAR 27,Capital,San Juan
Complejo Habitacional CREAR 46,Rivadavia,Ciudad de Rivadavia
Complejo Habitacional Pismanta V (Barrio Pismanta V - Cooperativa Pismanta),Jáchal,San José de Jáchal
Complejo Habitacional Rosalba II (Rosalba 2),Rivadavia,Ciudad de Rivadavia
Complejo Habitacional San Miguel (SCOP),Rivadavia,Ciudad de Rivadavia
Complejo Habitacional Santo Domingo III (Santo Domingo 3),Rawson,Villa Krause (Ciudad de Rawson)
Complejo Habitacional Virgen del Valle,Rawson,
Complejo Inmobiliario Luz del Sur II (Luz del Sur 2),Pocito,
Complejo La Soñada - Hogar de Campo,Rawson,
Complejo La Valentina,Rawson,Médano de Oro (Villa Bolaños)
Complejo Las Moras,Rivadavia,Ciudad de Rivadavia
Complejo Los Arrayanes,Iglesia,Rodeo
Complejo Los Ciruelos,Rawson,Villa Krause (Ciudad de Rawson)
Complejo Los Teros,Rawson,Médano de Oro (Villa Bolaños)
Complejo Luz del Sur,Pocito,Villa Aberastain (Ciudad de Pocito)
Complejo María Celeste,Rivadavia,Ciudad de Rivadavia
Complejo Masare de O'Higgins,Capital,Trinidad
Complejo Miraflores,Rawson,Médano de Oro (Villa Bolaños)
Complejo Parque Gran Libertador,Rivadavia,Ciudad de Rivadavia
Complejo Privado Álamos de Chacritas,9 de Julio,Las Chacritas
Complejo Privado El Palmar,Rawson,Médano de Oro (Villa Bolaños)
Complejo Privado Palmeras II,Santa Lucía,Ciudad de Santa Lucía
Complejo Privado Palmeras III (Palmeras 3),Rawson,Villa Krause (Ciudad de Rawson)
Complejo Privado VillaVerde 1 (Villa Verde I),Rawson,Médano de Oro (Villa Bolaños)
Complejo Privado VillaVerde 2 (Villa Verde II),Santa Lucía,
Complejo Privado VillaVerde 3 (Villa Verde III),Santa Lucía,Ciudad de Santa Lucía
Complejo Privado VillaVerde 4 (Villa Verde IV) (proyectado),Chimbas,Ciudad de Chimbas
Complejo Privado Zonda II,Rivadavia,Ciudad de Rivadavia
Complejo Quintas del Carmen,Rawson,Médano de Oro (Villa Bolaños)
Complejo Residencial Altos de Meglioli,Rawson,Villa Krause (Ciudad de Rawson)
Lote Hogar Nº 43,Chimbas,
Lote Hogar Nº 5,Rawson,Villa Krause (Ciudad de Rawson)
Lote Hogar Nº 53,Rivadavia,Marquesado
Lote Hogar Nº 54,Chimbas,
Lote Hogar Nº 55,Ullum,
Lote Hogar Nº 59,Chimbas,
Lote Hogar Nº 6,Albardón,
Lote Hogar Nº 61,Chimbas,
Lote Hogar Nº 62,Chimbas,
Lote Hogar Nº 65,Jáchal,Alto Huaco
Lote Hogar Nº 9,Chimbas,Ciudad de Chimbas
Loteo Abelina,Pocito,Villa Aberastain
Loteo Abierto Piedras Blancas,Rivadavia,La Bebida
Loteo Abierto Terrazas al Oeste,Rivadavia,Marquesado
Loteo Altos de la Trinidad,Rawson,
Loteo Angelita,Santa Lucía,Ciudad de Santa Lucía
Loteo Arustiza,Chimbas,Ciudad de Chimbas
Loteo Aurelia,San Martín,Dos Acequias
Loteo Bettio (Villa Bettio),Pocito,
Loteo Campos de Sueños,Santa Lucía,Ciudad de Santa Lucía
Loteo Casas de Campo El Mercedario,Calingasta,Barreal
Loteo Cerro Valdivia - Barrio Abierto,Pocito,
Loteo Chacras del Este (necesita confirmación),Rawson,Médano de Oro (Villa Bolaños)
Loteo CREAR XVIII,Rawson,Villa Krause (Ciudad de Rawson)
Loteo Dichiacchio,Rawson,El Medanito
Loteo Don Baltazar,Angaco,Villa del Salvador
Loteo Don Juan (necesita confirmación),Rawson,Villa Krause (Ciudad de Rawson)
Loteo Don Moreno,Pocito,
Loteo El Amparo,Albardón,Las Lomitas
Loteo El Sirah,Rawson,Médano de Oro (Villa Bolaños)
Loteo El Trébol,Rawson,Villa Krause (Ciudad de Rawson)
Loteo Entre Amigos - Casas de Campo,Pocito,
Loteo Entre Vides,Rawson,
Loteo Familiar Maimara II,Santa Lucía,Ciudad de Santa Lucía
Loteo Graffigna,Capital,Desamparados
Loteo Guarneri,Capital,Trinidad
Loteo Hinojosa,Albardón,
Loteo La Colmena,Calingasta,Barreal
Loteo La Colonia,Rawson,
Loteo La Comarca,Santa Lucía,
Loteo La Lucinda - Primera Etapa,Zonda,Villa Basilio Nievas
Loteo La Lucinda - Segunda Etapa,Zonda,Villa Basilio Nievas
Loteo La Paloma,Rawson,Villa Krause (Ciudad de Rawson)
Loteo La Stanza,Santa Lucía,Ciudad de Santa Lucía
Loteo Los Abuelos,Pocito,
Loteo Los Ciruelos,Albardón,Villa San Miguel
Loteo Maffezzini,Santa Lucía,Ciudad de Santa Lucía
Loteo Maurín Navarro,Rawson,Villa Krause (Ciudad de Rawson)
Loteo Montilla,Rawson,Villa Krause (Ciudad de Rawson)
Loteo MuDAP (Barrio MuDAP),Rivadavia,Ciudad de Rivadavia
Loteo Mulet,Rivadavia,Ciudad de Rivadavia
Loteo Municipal,Ullum,
Loteo Nuche,Capital,Desamparados
Loteo Orlando Bustelo,Rawson,
Loteo Palmares,9 de Julio,
Loteo Palmares del Norte I,Chimbas,
Loteo Pérez Font,Rawson,Villa Krause (Ciudad de Rawson)
Loteo Perramón (Consorcio Cayampal) (necesita confirmación),Capital,Desamparados
Loteo Privado Aires del Norte,Chimbas,
Loteo Privado Barrio La Toscana,Santa Lucía,Ciudad de Santa Lucía
Loteo Privado Bosque del Chañar,Rivadavia,Ciudad de Rivadavia
Loteo Privado Don Luis,Rivadavia,
Loteo Privado El Campito,Rawson,
Loteo Privado La Antonia,Rawson,Médano de Oro (Villa Bolaños)
Loteo Privado Yrigoyen,Pocito,
Loteo Providencia,Chimbas,
Loteo Público Aires de Florida (Barrio Aires de Florida),Rawson,Villa Krause (Ciudad de Rawson)
Loteo Público Alta Vista,Rivadavia,Ciudad de Rivadavia
Loteo Público Altamira (Alta Mira),Santa Lucía,Ciudad de Santa Lucía
Loteo Público Piedra Buena (PiedraBuena),Chimbas,
Loteo Pueblo Nuevo (Echegaray-Bloise),Rivadavia,Ciudad de Rivadavia
Loteo Recabarren,Zonda,Villa Basilio Nievas
Loteo Reconquista,Rivadavia,Ciudad de Rivadavia
Loteo Residencial Las Palmeras II,Ullum,Villa Ibáñez
Loteo Residencial Palmanova,Rawson,Médano de Oro (Villa Bolaños)
Loteo Residencial Tierra Nuestra,Pocito,
Loteo Rincón Veneto,Caucete,Ciudad de Caucete
Loteo Salta,Chimbas,Ciudad de Chimbas
Loteo San José,Rawson,Villa Krause (Ciudad de Rawson)
Loteo San Lorenzo (Barrio Atlético San Lorenzo),Jáchal,San José de Jáchal
Loteo Sauzales de Rizzo,Santa Lucía,Ciudad de Santa Lucía
Loteo Semiprivado San Antonio,Chimbas,
Loteo Serrano Rincón de Sierra Chica,Zonda,Villa Tacú
Loteo Sol del Norte,Chimbas,Ciudad de Chimbas
Loteo Solares de Elisa,Pocito,Villa Aberastain
Loteo Solares de Pie de Palo,Caucete,
Loteo Soria,Rivadavia,Ciudad de Rivadavia
Loteo Villa del Rosario - Casas de Campo,Pocito,
Loteo Villa Mogote,Chimbas,El Mogote
Loteo Villa Sol,Santa Lucía,Ciudad de Santa Lucía
Loteo Widmer,Rivadavia,Ciudad de Rivadavia
Martinica - Barrio Privado,Pocito,
Natania 46 - Torre Aberastain (Natania XLVI),Capital,San Juan
Natania 54,Capital,San Juan
Natania 57 (en construcción),Capital,San Juan
Natania 77 - Ingreso Norte Ignacio de la Roza (en construcción),Capital,Desamparados
Natania 77 - Ingreso Sur Mitre (en construcción),Capital,Desamparados
Olivos del Sur - Loteo Abierto,Pocito,
Paisajes de CREAR - Complejo Privado (CREAR 12),Pocito,
Patio de San Ignacio,Capital,Desamparados
Country La Porfiada,Pocito,La Rinconada
Country San Eduardo,Santa Lucía,Ciudad de Santa Lucía
Desarrollo Urbanístico La Nave (Complejo La Nave - ProCreAr II) (proyectado),Capital,San Juan
Desarrollo Urbanístico La Ramada (ProCreAr II) (en construcción),Capital,San Juan
DM Conjunto Habitacional,Rawson,Villa Krause (Ciudad de Rawson)
Don Clemente - Barrio Privado,Rawson,
Don Salvador - Barrio Privado,Santa Lucía,Ciudad de Santa Lucía
Edificio Alameda,Capital,San Juan
Edificio Atlántida 2 (necesita confirmación),Capital,San Juan
Edificio Atlántida IX (Edificio Atlántida 9),Capital,San Juan
Edificio Brant,Capital,San Juan
Edificio Casa Nueva,Capital,Desamparados
Edificio Castilla,Capital,San Juan
Edificio Castro,Capital,San Juan
Edificio Catamarán 1,Capital,San Juan
Edificio Catamarán 2,Capital,San Juan
Edificio Catamarán 3,Capital,San Juan
Edificio Catamarán 4,Capital,San Juan
Edificio Catamarán 5,Capital,San Juan
Edificio Catamarán 6 - Bloque Avenida Libertador,Capital,San Juan
Edificio Catamarán 6 - Bloque Santiago del Estero,Capital,San Juan
Edificio Catamarán 7,Capital,San Juan
Edificio Catamarán 8,Capital,San Juan
Edificio Cinema,Capital,San Juan
Edificio Colón Norte (Complejo Colón Norte),Santa Lucía,Ciudad de Santa Lucía
Edificio Derby,Capital,San Juan
Edificio Elizondo,Capital,San Juan
Edificio Grinhauz,Capital,San Juan
Edificio Grynszpan,Capital,San Juan
Edificio Haron Koss,Capital,San Juan
Edificio Huarpes,Capital,San Juan
Edificio Kragjcek,Capital,San Juan
Edificio Levstein,Capital,San Juan
Edificio Mendoza,Capital,San Juan
Edificio Miguel Ángel,Capital,San Juan
Edificio Mitre - Puerta Norte,Capital,San Juan
Edificio Mitre - Puerta Sur,Capital,San Juan
Edificio Muralbo 2 (en construcción),Capital,Desamparados
Edificio Muralbo I (proyectado),Capital,San Juan
Edificio Orión,Capital,San Juan
Edificio Portezuelo II,Capital,San Juan
Edificio Rapaport,Capital,San Juan
Edificio Reina Victoria,Capital,San Juan
Edificio Rivadavia 3,Capital,San Juan
Edificio Rivadavia Norte,Capital,San Juan
Edificio Rubik,Capital,San Juan
Edificio SCOP V (SCOP 5),Capital,San Juan
Edificio Sigma,Capital,San Juan
Edificio Tempus (proyectado),Capital,Desamparados
Edificio Torre Belgrano (en construcción),Capital,San Juan
Edificio Torres de Cuyo,Capital,San Juan
Edificio Urbano II (Urbano 2),Capital,San Juan
Edificio Varena,Capital,Desamparados
Edificio Versalles - Torre Norte (Natania XLIII),Capital,San Juan
Edificio Versalles - Torre Sur (Natania XLIII),Capital,San Juan
Edificio Yanello,Capital,San Juan
El Aguaribay - Barrio Privado,Santa Lucía,
El Resero Barrio Privado,Rawson,
El Tribal Barrio Privado,Santa Lucía,Ciudad de Santa Lucía
Estilo Sur - Barrio Privado,Rawson,Trinidad
Euskadi 2 Barrio Privado (Euskadi II),Pocito,
Euskadi Barrio Privado (Euskadi I),Pocito,
Illa Waira Barrio Privado,Rawson,
L'Uva - Club de Campo - Etapa 1 (proyectado),Santa Lucía,
L'Uva - Club de Campo - Etapa 2 (proyectado),Santa Lucía,
L'Uva - Club de Campo - Etapa 3 (proyectado),Santa Lucía,
La Deolinda Barrio Privado,Rawson,Villa Krause (Ciudad de Rawson)
La Deseada - Barrio Privado,Pocito,
La Fontana - Residencia Natural,Rivadavia,Ciudad de Rivadavia
La Horminda Barrio Abierto,Pocito,Villa Aberastain
La Lucía - Barrio Privado,Santa Lucía,Ciudad de Santa Lucía
La Macarena - Barrio Privado,Santa Lucía,
La Martina - Casas de Campo,Pocito,
La Santa María - Barrio Privado,Rivadavia,Ciudad de Rivadavia
La Toscana - Barrio de Campo,Rawson,
Los Álamos II - Microbarrios Cerrados (Natania 51),Rivadavia,Ciudad de Rivadavia
Los Fresnos - Villa de Campo,Santa Lucía,
Los Sauces Barrio Privado,Zonda,
Lote Hogar Nº 11,Chimbas,
Lote Hogar Nº 12,Pocito,
Lote Hogar Nº 13,Pocito,
Lote Hogar Nº 16,Rawson,Villa Krause (Ciudad de Rawson)
Lote Hogar Nº 18,Rawson,Villa Krause (Ciudad de Rawson)
Lote Hogar Nº 20,Rivadavia,La Bebida
Lote Hogar Nº 21,Santa Lucía,Ciudad de Santa Lucía
Lote Hogar Nº 22,Rawson,Villa Krause (Ciudad de Rawson)
Lote Hogar Nº 24,Rivadavia,La Bebida
Lote Hogar Nº 25,Rivadavia,La Bebida
Lote Hogar Nº 27,Pocito,
Lote Hogar Nº 3,Rivadavia,La Bebida
Lote Hogar Nº 30,Rivadavia,La Bebida
Lote Hogar Nº 32,Rawson,Villa Krause (Ciudad de Rawson)
Lote Hogar Nº 33,Pocito,
Lote Hogar Nº 34,Rivadavia,La Bebida
Lote Hogar Nº 35,Pocito,
Lote Hogar Nº 38,Chimbas,
Lote Hogar Nº 39,Pocito,
Lote Hogar Nº 4,Chimbas,Ciudad de Chimbas
Lote Hogar Nº 40,Capital,
Lote Hogar Nº 41,Rivadavia,La Bebida
Complejo Residencial Capri Oeste,Rivadavia,Ciudad de Rivadavia
Complejo Residencial Casanova,Rivadavia,Ciudad de Rivadavia
Complejo Residencial Cosenza (en construcción),Santa Lucía,Ciudad de Santa Lucía
Complejo Residencial El Bosque,Rawson,
Complejo Residencial Las Lajas,Chimbas,
Complejo Residencial Pórtico de Rivadavia,Rivadavia,Ciudad de Rivadavia
Complejo Residencial San Pietro,Rivadavia,Ciudad de Rivadavia
Complejo Residencial Único Ruta 40,Pocito,La Rinconada
Complejo Residencial y Comercial La Delfina,Rivadavia,Ciudad de Rivadavia
Complejo San Patricio Sur - Barrio Privado,Capital,
Complejo Solar Escondido (Loteo Solar Escondido),Pocito,
Complejo Tres Lagos,Zonda,
Complejo Turístico Pampas del Cura - Pueblo Termal - Casas de Campo,Iglesia,Las Flores
Complejo Valencia I (proyectado),Rawson,Trinidad
Complejo Wanda María I,Rivadavia,Ciudad de Rivadavia
Conjunto Habitacional Las Garzas,Rawson,Villa Krause (Ciudad de Rawson)
Conjunto Habitacional NECO I (NECO 1),Capital,Trinidad
Conjunto Habitacional Parque Norte (proyectado),Capital,Concepción
Conjunto Loft 7,Capital,San Juan
Consorcio ADICUS,Capital,Desamparados
Consorcio Antigua Bodega,Rivadavia,Ciudad de Rivadavia
Consorcio Asunción,Capital,
Consorcio Atlántida III (Atlántida 3),Capital,San Juan
Consorcio Atlántida VII (Atlántida 7),Capital,Desamparados
Consorcio ATSA,Capital,San Juan
Consorcio ATSA (necesita confirmación),Capital,San Juan
Consorcio Catalina I,Capital,San Juan
Consorcio Centro Empleados de Comercio,Capital,Concepción
Consorcio Cerrado Villicum,Rivadavia,Ciudad de Rivadavia
Consorcio Cerratti,Capital,Desamparados
Consorcio Clemente Sarmiento,Capital,Concepción
Consorcio Del Pilar I,Capital,Trinidad
Consorcio Del Pilar II - Torre Este,Capital,Trinidad
Consorcio Del Pilar II - Torre Oeste,Capital,Trinidad
Consorcio Del Rosario,Capital,Desamparados
Consorcio Doctor Guillermo Rawson,Capital,Concepción
Consorcio Edificio Ángel,Capital,San Juan
Consorcio El Cerrillo,Rawson,Villa Krause (Ciudad de Rawson)
Consorcio El Nogal,Rivadavia,Ciudad de Rivadavia
Consorcio Facultad (Barrio Facultad),Capital,Trinidad
Consorcio General Paz,Capital,San Juan
Consorcio Gill Telles,Capital,San Juan
Consorcio Guadalupe II,Capital,San Juan
Consorcio Herminia,Capital,Trinidad
Consorcio Jardines 9 de Julio - Acceso Calle 9 de Julio,Capital,San Juan
Consorcio Jardines 9 de Julio - Acceso Calle Brasil,Capital,San Juan
Consorcio Jardines del Libertador,Capital,Desamparados
Consorcio Libertador,Capital,San Juan
Consorcio Los Olivos,Capital,Desamparados
Consorcio Lourdes,Capital,Desamparados
Consorcio Luján,Capital,Trinidad
Consorcio María Auxiliadora,Capital,San Juan
Consorcio María Auxiliadora - Ingreso Cocheras,Capital,San Juan
Consorcio María Auxiliadora II,Capital,San Juan
Consorcio María Victoria,Capital,San Juan
Consorcio Mariano Moreno,Capital,Trinidad
Consorcio Mecánico Mella,Capital,Concepción
Consorcio Medalla Milagrosa,Capital,Desamparados
Consorcio Milagros,Rivadavia,Ciudad de Rivadavia
Consorcio Nuestra Villa,Capital,San Juan
Consorcio Patricias I,Capital,Trinidad
Consorcio Patricias II,Capital,Trinidad
Consorcio Privado Jardín de mi Madre,Rawson,Villa Krause (Ciudad de Rawson)
Consorcio Privado Libertad,Rawson,Villa Krause (Ciudad de Rawson)
Consorcio San Agustín I,Capital,Trinidad
Consorcio San Agustin II,Capital,Trinidad
Consorcio San Andrés,Capital,Trinidad
Consorcio San Antonio,Capital,Desamparados
Consorcio San Francisco,Capital,Desamparados
Consorcio San Gabriel,Capital,Trinidad
Consorcio San Ignacio,Capital,
Consorcio San Jorge,Capital,San Juan
Consorcio San Jorge,Capital,Concepción
Consorcio San Lorenzo,Capital,Trinidad
Consorcio San Martín,Capital,Concepción
Consorcio San Miguel,Capital,San Juan
Consorcio San Nicolás,Capital,Desamparados
Consorcio San Patricio,Capital,San Juan
Consorcio San Pedro,Capital,San Juan
Consorcio San Rafael,Rivadavia,Ciudad de Rivadavia
Consorcio Sant' Angelo I (Sant' Angelo 1),Capital,San Juan
Consorcio Sant' Angelo II,Capital,San Juan
Consorcio Sant' Angelo III,Capital,Trinidad
Consorcio Sant' Angelo IV,Rivadavia,Ciudad de Rivadavia
Consorcio Santa Bárbara,Capital,Desamparados
Consorcio Santa Inés,Capital,Desamparados
Consorcio Santa María,Capital,Trinidad
Consorcio Santiago,Capital,Trinidad
Consorcio Santo Domingo,Capital,San Juan
Consorcio Santo Tomás,Capital,San Juan
Consorcio SCOP,Capital,San Juan
Consorcio Tambolar,Capital,San Juan
Consorcio Trinidad,Capital,Trinidad
Consorcio UVT,Capital,Trinidad
Consorcio Villa Los Cerros,Rivadavia,Ciudad de Rivadavia
Consorcios Del Valle I y Del Valle II,Capital,Desamparados
Country Casa Grande,Capital,Desamparados
Country Club El Ceibo,Rivadavia,Ciudad de Rivadavia
Country El Huarpe,Rivadavia,Ciudad de Rivadavia
Piedras Negras - Barrio Privado,Pocito,
Portal de las Sierras - Barrio Privado,Capital,
Portal del Arauco - Barrio Privado,Rivadavia,Ciudad de Rivadavia
Prados del Sur Barrio Privado,Pocito,
Providencia Barrio Privado,Santa Lucía,Ciudad de Santa Lucía
Pueblo Escondido - Casas de Campo,Rawson,
Puesta del Sol - Barrio Privado,Pocito,
Registro Automotor Nº 5 (Registro de la Propiedad Automotor Seccional San Juan Nº 5 - Registro 18005 - DNRPAyCP),Capital,
Rincón del Malbec - Barrio Privado,Santa Lucía,Ciudad de Santa Lucía
Rincón del Syrah - Barrio Privado,Rivadavia,Ciudad de Rivadavia
Rincones del Médano - Loteo Privado,Rawson,Médano de Oro (Villa Bolaños)
Rocas Blancas - Barrio Cerrado,Rivadavia,Ciudad de Rivadavia
Rukahue - Barrio Privado (Loteo Privado Rukahué),Pocito,Quinto Cuartel
"Salón de la Unión Vecinal Villa Las Rosas, Santa Isabel y Sáenz Peña",Caucete,Ciudad de Caucete
San Carlos - Barrio Privado,Santa Lucía,Ciudad de Santa Lucía
San Julián Barrio Privado,Santa Lucía,Ciudad de Santa Lucía
San Luis Complejo Residencial,Capital,San Juan
Sierras de Oma - Espacio de Campo,Santa Lucía,
Solares de Pocito - Barrio Privado,Pocito,
Terra Nova Conjunto Residencial - Terra I (proyectado),Capital,San Juan
Terra Nova Conjunto Residencial - Terra II (proyectado),Capital,San Juan
Terra Nova Conjunto Residencial - Terra III (proyectado),Capital,San Juan
Terra Nova Conjunto Residencial - Terra IV (proyectado),Capital,San Juan
Terra Nova Conjunto Residencial - Terra V (proyectado),Capital,San Juan
Terra Nova Conjunto Residencial - Terra VI (proyectado),Capital,San Juan
Terranostra Barrio Privado,Santa Lucía,
Terrazas al Oeste - Barrio Privado,Rivadavia,Marquesado
Terreno de la ex Villa Fausto Carrasco,Capital,Trinidad
Terreno de la ex Villa General San Martín (Villa El Chorizo),Capital,Concepción
Terreno de la ex Villa Hidráulica,Capital,Desamparados
Terreno de la ex Villa La Paloma,Santa Lucía,Ciudad de Santa Lucía
Terreno de la ex Villa Nueva Esperanza (erradicada),Pocito,
Terreno de la ex Villa Pons (erradicada),Pocito,
Terreno de la ex Villa San Francisco,Capital,Concepción
Terreno del ex Asentamiento David Chávez - Sector entre calles 10 y 11 (Vías del ex Ferrocarril General San Martín),Pocito,Villa Aberastain (Ciudad de Pocito)
Terreno del ex Asentamiento David Chávez - Sector entre calles 11 y 12 (Vías del ex Ferrocarril General San Martín),Pocito,Villa Aberastain (Ciudad de Pocito)
Terreno del ex Asentamiento David Chávez - Sector entre calles 12 y 13 (Vías del ex Ferrocarril General San Martín),Pocito,Villa Aberastain (Ciudad de Pocito)
Terreno del ex Asentamiento David Chávez - Sector entre calles 9 y 10 (Vías del ex Ferrocarril General San Martín),Pocito,
Terreno del ex Asentamiento Enfermera Medina,25 de Mayo,Villa Santa Rosa
Terreno del ex Asentamiento Evita,Rivadavia,La Bebida
Terreno del ex Asentamiento La Defensa,Rivadavia,La Bebida
Terreno del ex Asentamiento La Paz (Villa La Paz),Rivadavia,
Terreno del ex Asentamiento Pellegrini,Rivadavia,
Terreno del ex Asentamiento San José,Rawson,
Terreno del ex Asentamiento Villa Esperanza,Zonda,Villa Basilio Nievas
Terreno del ex Asentamiento Villa Hidráulica,Zonda,Villa Basilio Nievas
Tierra de Arenas Barrio Privado,Santa Lucía,Ciudad de Santa Lucía
Tierra de Leones Lodge (proyectado),Iglesia,Colola
Tierras de Don Cristóbal - Barrio Cerrado,Rawson,El Medanito
Tierras de Don Rogelio - Barrio Cerrado,Pocito,
Tierras de Pocito - Barrio Cerrado,Pocito,Villa Aberastain (Ciudad de Pocito)
Tierras del Este - Barrio Cerrado,Rawson,
Tierras del Oeste - Barrio Cerrado,Rawson,
Torre 9 de Julio (Edificio 9 de Julio - Natania II),Capital,San Juan
Torre Aconcagua Plaza (Edificio Aconcagua Plaza - Natania IX),Capital,San Juan
Torre Barcelona (Edificio Barcelona - Natania XI),Capital,San Juan
Torre Santa Fe (Edificio Santa Fe - Natania I),Capital,San Juan
Torre Venecia (Natania XII),Capital,San Juan
Torrentes de Querit - Loteo Abierto (Torrentes del Querit),Rivadavia,Ciudad de Rivadavia
Torres España (en construcción),Capital,Trinidad
Torres San José (en construcción),Capital,San Juan
Valle Parral - Barrio Privado,Rivadavia,Marquesado
Valles de Arica I,Rawson,Médano de Oro (Villa Bolaños)
Vía Aurelia - Barrio Privado,Capital,San Juan
Villa 12 de Octubre,Rawson,Villa Krause (Ciudad de Rawson)
Villa 17 de Agosto,Rawson,Villa Krause (Ciudad de Rawson)
Villa 20 de Junio,Santa Lucía,Ciudad de Santa Lucía
Villa Aberastain,Santa Lucía,Ciudad de Santa Lucía
Villa Adela - Barrio Privado,Rawson,
Villa Alba,Santa Lucía,Ciudad de Santa Lucía
Villa Alfonsina Storni,Capital,Concepción
Villa Almirante Brown,Rivadavia,Ciudad de Rivadavia
Villa América,Capital,Concepción
Villa Andacollo,Rivadavia,Ciudad de Rivadavia
Villa Ángela (Villa Maureira) (necesita confirmación),Rawson,Villa Krause (Ciudad de Rawson)
Villa Angélica,Rawson,Villa Krause (Ciudad de Rawson)
Villa Antonia,Rawson,Villa Krause (Ciudad de Rawson)
Villa Arce,Rawson,Villa Krause (Ciudad de Rawson)
Villa Ariza II,Chimbas,Ciudad de Chimbas
Villa Aurora,Ullum,
Villa Azocar,Rawson,Villa Krause (Ciudad de Rawson)
Villa Balcarce,Santa Lucía,
Villa Ballester,Rawson,Villa Krause (Ciudad de Rawson)
Villa Barceló,Pocito,Villa Aberastain (Ciudad de Pocito)
Villa Barón,Rawson,Villa Krause (Ciudad de Rawson)
Villa Beltrán,Chimbas,Ciudad de Chimbas
Villa Beretta (Villa Bereta),25 de Mayo,
Villa Burón Alonso,Rawson,Villa Krause (Ciudad de Rawson)
Villa Cabildo,Rivadavia,Ciudad de Rivadavia
Villa Calandra,Rawson,Villa Krause (Ciudad de Rawson)
Villa Campo Afuera,Albardón,Campo Afuera
Villa Capdevilla,Rivadavia,Ciudad de Rivadavia
Villa Cariño,25 de Mayo,Díaz Vélez
Villa Carolina,Capital,Trinidad
Villa Castro Guzmán de Agurado,Santa Lucía,Ciudad de Santa Lucía
Villa Cenobia Bustos,Rawson,Villa Krause (Ciudad de Rawson)
Villa Centenario,Chimbas,Ciudad de Chimbas
Villa Chacabuco,Rivadavia,Marquesado
Villa Chacarilla,Rawson,Villa Krause (Ciudad de Rawson)
Villa Congreso (ex Elisa),Rawson,Villa Krause (Ciudad de Rawson)
Villa Cremades,Pocito,Villa Aberastain (Ciudad de Pocito)
Villa Del Bono,Rivadavia,Ciudad de Rivadavia
Villa del Carmen,Rivadavia,Ciudad de Rivadavia
Villa del Carril,Capital,San Juan
Villa del Parque,Capital,San Juan
Villa del Sur,Chimbas,
Villa Dominga Yanello (Villa Yanelo),25 de Mayo,Pozo del Salado
Villa Don Arturo,Santa Lucía,Ciudad de Santa Lucía
Villa Don Manuel,Capital,Concepción
Villa Don Pablo,Rawson,Villa Krause (Ciudad de Rawson)
Villa Don Pedro,Capital,Desamparados
Villa Doncel,Rivadavia,Ciudad de Rivadavia
Villa Dorrego,Capital,Concepción
Villa Dubos,Capital,Desamparados
Villa Echegaray,Rawson,Villa Krause (Ciudad de Rawson)
Villa El Parque,Caucete,
Villa El Pino,Capital,Trinidad
Villa El Salvador,Chimbas,Ciudad de Chimbas
Villa El Tango (Villa La Salud),25 de Mayo,Pozo del Salado
Villa Elena,Rivadavia,Ciudad de Rivadavia
Villa Esther,Rawson,Villa Krause (Ciudad de Rawson)
Villa Estornell,Rawson,Villa Krause (Ciudad de Rawson)
Villa Etelvina,Caucete,Ciudad de Caucete
Villa Fe y Esperanza,Chimbas,
Villa Ferla,Rawson,Villa Krause (Ciudad de Rawson)
Villa Ferrer Yanzi,Santa Lucía,Ciudad de Santa Lucía
Villa Ferrocarril Belgrano,Capital,
Villa Fleury,Rawson,Villa Krause (Ciudad de Rawson)
Villa Flora,Rivadavia,Ciudad de Rivadavia
Villa Ford (Barrio Independencia),Santa Lucía,Ciudad de Santa Lucía
Villa Franca,Rawson,Villa Krause (Ciudad de Rawson)
Villa Francisco Laprida,Rawson,Villa Krause (Ciudad de Rawson)
Villa Francisco Paolini (Villa Barboza),Pocito,
Villa Funes,Pocito,La Rinconada
Villa Garbini,Capital,Trinidad
Villa General Acha,Rawson,Villa Krause (Ciudad de Rawson)
Villa General Paz,Capital,San Juan
Villa Giner,Rawson,Villa Krause (Ciudad de Rawson)
Villa Giuliani,Rivadavia,Ciudad de Rivadavia
Villa Gremoliche,Capital,Concepción
Villa Guzmán,Rawson,Villa Krause (Ciudad de Rawson)
Villa Hipódromo,Rawson,Villa Krause (Ciudad de Rawson)
Villa Huarpes (ex Malaisi),Pocito,
Villa Inés,Rivadavia,Ciudad de Rivadavia
Villa Italia,Rawson,Villa Krause (Ciudad de Rawson)
Villa Izoriaga,Capital,Trinidad
Villa J. F. de Mallea (necesita confirmación),Capital,Concepción
Villa José Dolores,Rawson,Villa Krause (Ciudad de Rawson)
Villa Juan Jufré,Capital,Concepción
Villa Juanita,Caucete,Ciudad de Caucete
Villa La Superiora,Rawson,Villa Krause (Ciudad de Rawson)
Villa Laplagne,Rawson,Villa Krause (Ciudad de Rawson)
Villa Larrain,Santa Lucía,Ciudad de Santa Lucía
Villa Las Margaritas,Rawson,Villa Krause (Ciudad de Rawson)
Villa Las Margaritas,Pocito,
Villa Las Mercedes,Pocito,
Villa Las Rosas,Caucete,Ciudad de Caucete
Villa Las Rosas,Rawson,Villa Krause (Ciudad de Rawson)
Villa Lerga,Rawson,Villa Krause (Ciudad de Rawson)
Villa Libertad,Pocito,Villa Aberastain
Villa Libertador,Rawson,Villa Krause (Ciudad de Rawson)
Villa Libertador,Santa Lucía,Alto de Sierra
Villa Licciardi,Capital,
Villa Lihué - Tierra de Vida,Zonda,
Villa Lliver,Rawson,Villa Krause (Ciudad de Rawson)
Villa López Mansilla,Rivadavia,Ciudad de Rivadavia
Villa Los Huarpes,Rawson,Villa Krause (Ciudad de Rawson)
Villa Los Lirios,Rivadavia,Ciudad de Rivadavia
Villa Los Paraísos,Rawson,Villa Krause (Ciudad de Rawson)
Villa Los Patos - Loteo Público,Albardón,El Topón
Villa Lucrecia,Chimbas,Ciudad de Chimbas
Villa Luz del Mundo,Santa Lucía,Ciudad de Santa Lucía
Villa Mallea,Capital,Concepción
Villa Manuelita,Santa Lucía,Ciudad de Santa Lucía
Villa Manzini,Santa Lucía,Ciudad de Santa Lucía
Villa Margarita,Capital,San Juan
Villa María,Chimbas,
Villa María,Rawson,Villa Krause (Ciudad de Rawson)
Villa Mariano Moreno,Chimbas,
Villa Marini,Santa Lucía,Ciudad de Santa Lucía
Villa Mascarell,Rawson,Villa Krause (Ciudad de Rawson)
Villa Maturano,Capital,Trinidad
Villa Mirarchi,Rawson,Villa Krause (Ciudad de Rawson)
Villa Morrone,Chimbas,
Villa Muñoz,Santa Lucía,Ciudad de Santa Lucía
Villa Nacusi,Pocito,
Villa Néstor Diaz,Pocito,
Villa Nicolás Avellaneda,Rawson,Villa Krause (Ciudad de Rawson)
Villa Novoa,Rawson,Villa Krause (Ciudad de Rawson)
Villa Nuestra Señora de Lourdes,Rivadavia,Ciudad de Rivadavia
Villa Nueva,Capital,Concepción
Villa Nueva Argentina,Rivadavia,
Villa Nueva Esperanza,Rawson,Villa Krause (Ciudad de Rawson)
Villa Nuevo Palermo,Capital,Desamparados
Villa Obrera,Chimbas,
Villa Observatorio,Chimbas,
Villa Olivos - Barrio Privado,Pocito,
Villa Palacio,Rawson,Villa Krause (Ciudad de Rawson)
Villa Palacios (Villa Palacio),Caucete,Divisoria
